Date,Alaves,Albacete,Almeria,Ath Bilbao,Ath Madrid,Barcelona,Betis,Cadiz,Celta,Compostela,Cordoba,Eibar,Elche,Espanol,Extremadura,Getafe,Gimnastic,Girona,Granada,Hercules,Huesca,La Coruna,Las Palmas,Leganes,Lerida,Levante,Logrones,Malaga,Mallorca,Merida,Murcia,Numancia,Osasuna,Oviedo,Real Madrid,Recreativo,Salamanca,Santander,Sevilla,Sociedad,Sp Gijon,Tenerife,Valencia,Valladolid,Vallecano,Villareal,Villarreal,Xerez,Zaragoza
1993-10-01,0.0,5.0,0.0,10.0,8.0,8.0,0.0,0.0,3.0,0.0,0.0,0.0,0.0,0.0,0.0,0.0,0.0,0.0,0.0,0.0,0.0,8.0,0.0,0.0,0.0,0.0,3.0,0.0,0.0,0.0,0.0,0.0,1.0,4.0,3.0,0.0,0.0,7.0,6.0,7.0,7.0,6.0,10.0,4.0,6.0,0.0,0.0,0.0,2.0
1993-11-01,0.0,9.0,0.0,16.0,13.0,17.0,0.0,0.0,11.0,0.0,0.0,0.0,0.0,0.0,0.0,0.0,0.0,0.0,0.0,0.0,0.0,18.0,0.0,0.0,2.0,0.0,9.0,0.0,0.0,0.0,0.0,0.0,7.0,9.0,14.0,0.0,0.0,14.0,18.0,17.0,14.0,14.0,20.0,8.0,10.0,0.0,0.0,0.0,6.0
1993-12-01,0.0,14.0,0.0,24.0,17.0,26.0,0.0,0.0,15.0,0.0,0.0,0.0,0.0,0.0,0.0,0.0,0.0,0.0,0.0,0.0,0.0,25.0,0.0,0.0,8.0,0.0,12.0,0.0,0.0,0.0,0.0,0.0,11.0,13.0,23.0,0.0,0.0,21.0,22.0,19.0,23.0,20.0,24.0,10.0,14.0,0.0,0.0,0.0,15.0
1994-01-01,0.0,23.0,0.0,30.0,21.0,33.0,0.0,0.0,15.0,0.0,0.0,0.0,0.0,0.0,0.0,0.0,0.0,0.0,0.0,0.0,0.0,34.0,0.0,0.0,11.0,0.0,17.0,0.0,0.0,0.0,0.0,0.0,14.0,20.0,27.0,0.0,0.0,21.0,23.0,25.0,29.0,20.0,24.0,13.0,20.0,0.0,0.0,0.0,22.0
1994-02-01,0.0,28.0,0.0,34.0,26.0,40.0,0.0,0.0,22.0,0.0,0.0,0.0,0.0,0.0,0.0,0.0,0.0,0.0,0.0,0.0,0.0,45.0,0.0,0.0,15.0,0.0,23.0,0.0,0.0,0.0,0.0,0.0,17.0,29.0,35.0,0.0,0.0,30.0,29.0,30.0,38.0,28.0,27.0,19.0,25.0,0.0,0.0,0.0,31.0
1994-03-01,0.0,35.0,0.0,40.0,29.0,49.0,0.0,0.0,30.0,0.0,0.0,0.0,0.0,0.0,0.0,0.0,0.0,0.0,0.0,0.0,0.0,54.0,0.0,0.0,22.0,0.0,26.0,0.0,0.0,0.0,0.0,0.0,22.0,33.0,48.0,0.0,0.0,36.0,39.0,37.0,40.0,38.0,35.0,22.0,29.0,0.0,0.0,0.0,41.0
1994-04-01,0.0,42.0,0.0,47.0,33.0,59.0,0.0,0.0,31.0,0.0,0.0,0.0,0.0,0.0,0.0,0.0,0.0,0.0,0.0,0.0,0.0,60.0,0.0,0.0,28.0,0.0,30.0,0.0,0.0,0.0,0.0,0.0,23.0,37.0,57.0,0.0,0.0,40.0,45.0,41.0,43.0,44.0,41.0,28.0,36.0,0.0,0.0,0.0,51.0
1994-05-01,0.0,44.0,0.0,54.0,39.0,72.0,0.0,0.0,40.0,0.0,0.0,0.0,0.0,0.0,0.0,0.0,0.0,0.0,0.0,0.0,0.0,73.0,0.0,0.0,33.0,0.0,39.0,0.0,0.0,0.0,0.0,0.0,30.0,47.0,61.0,0.0,0.0,49.0,53.0,45.0,50.0,48.0,49.0,34.0,38.0,0.0,0.0,0.0,56.0
1994-06-01,0.0,45.0,0.0,59.0,48.0,81.0,0.0,0.0,44.0,0.0,0.0,0.0,0.0,0.0,0.0,0.0,0.0,0.0,0.0,0.0,0.0,78.0,0.0,0.0,34.0,0.0,42.0,0.0,0.0,0.0,0.0,0.0,34.0,49.0,64.0,0.0,0.0,53.0,57.0,48.0,50.0,51.0,54.0,38.0,40.0,0.0,0.0,0.0,65.0
1994-10-01,0.0,48.0,0.0,63.0,51.0,88.0,7.0,0.0,50.0,4.0,0.0,0.0,0.0,8.0,0.0,0.0,0.0,0.0,0.0,0.0,0.0,88.0,0.0,0.0,34.0,0.0,44.0,0.0,0.0,0.0,0.0,0.0,34.0,53.0,74.0,0.0,0.0,54.0,64.0,51.0,54.0,56.0,63.0,42.0,40.0,0.0,0.0,0.0,72.0
1994-11-01,0.0,54.0,0.0,76.0,55.0,98.0,15.0,0.0,54.0,12.0,0.0,0.0,0.0,13.0,0.0,0.0,0.0,0.0,0.0,0.0,0.0,97.0,0.0,0.0,34.0,0.0,45.0,0.0,0.0,0.0,0.0,0.0,34.0,59.0,81.0,0.0,0.0,58.0,69.0,57.0,63.0,64.0,69.0,47.0,40.0,0.0,0.0,0.0,85.0
1994-12-01,0.0,55.0,0.0,82.0,59.0,104.0,20.0,0.0,61.0,16.0,0.0,0.0,0.0,18.0,0.0,0.0,0.0,0.0,0.0,0.0,0.0,103.0,0.0,0.0,34.0,0.0,47.0,0.0,0.0,0.0,0.0,0.0,34.0,63.0,90.0,0.0,0.0,65.0,75.0,58.0,65.0,64.0,71.0,47.0,40.0,0.0,0.0,0.0,89.0
1995-01-01,0.0,59.0,0.0,85.0,65.0,109.0,22.0,0.0,65.0,19.0,0.0,0.0,0.0,21.0,0.0,0.0,0.0,0.0,0.0,0.0,0.0,107.0,0.0,0.0,34.0,0.0,47.0,0.0,0.0,0.0,0.0,0.0,34.0,67.0,97.0,0.0,0.0,68.0,81.0,65.0,66.0,70.0,73.0,51.0,40.0,0.0,0.0,0.0,98.0
1995-02-01,0.0,64.0,0.0,88.0,67.0,116.0,30.0,0.0,66.0,24.0,0.0,0.0,0.0,26.0,0.0,0.0,0.0,0.0,0.0,0.0,0.0,115.0,0.0,0.0,34.0,0.0,51.0,0.0,0.0,0.0,0.0,0.0,34.0,72.0,105.0,0.0,0.0,72.0,86.0,71.0,69.0,78.0,78.0,57.0,40.0,0.0,0.0,0.0,101.0
1995-03-01,0.0,70.0,0.0,92.0,72.0,125.0,35.0,0.0,71.0,26.0,0.0,0.0,0.0,32.0,0.0,0.0,0.0,0.0,0.0,0.0,0.0,119.0,0.0,0.0,34.0,0.0,52.0,0.0,0.0,0.0,0.0,0.0,34.0,80.0,113.0,0.0,0.0,79.0,90.0,76.0,73.0,84.0,86.0,61.0,40.0,0.0,0.0,0.0,105.0
1995-04-01,0.0,74.0,0.0,95.0,81.0,129.0,42.0,0.0,72.0,29.0,0.0,0.0,0.0,36.0,0.0,0.0,0.0,0.0,0.0,0.0,0.0,122.0,0.0,0.0,34.0,0.0,53.0,0.0,0.0,0.0,0.0,0.0,34.0,87.0,119.0,0.0,0.0,85.0,97.0,79.0,77.0,88.0,90.0,61.0,40.0,0.0,0.0,0.0,109.0
1995-05-01,0.0,76.0,0.0,105.0,85.0,134.0,49.0,0.0,80.0,37.0,0.0,0.0,0.0,47.0,0.0,0.0,0.0,0.0,0.0,0.0,0.0,133.0,0.0,0.0,34.0,0.0,54.0,0.0,0.0,0.0,0.0,0.0,34.0,91.0,132.0,0.0,0.0,89.0,107.0,84.0,83.0,94.0,97.0,65.0,40.0,0.0,0.0,0.0,118.0
1995-06-01,0.0,83.0,0.0,111.0,92.0,139.0,54.0,0.0,87.0,39.0,0.0,0.0,0.0,52.0,0.0,0.0,0.0,0.0,0.0,0.0,0.0,143.0,0.0,0.0,34.0,0.0,57.0,0.0,0.0,0.0,0.0,0.0,34.0,98.0,136.0,0.0,0.0,93.0,112.0,94.0,86.0,98.0,101.0,68.0,40.0,0.0,0.0,0.0,125.0
1995-07-01,0.0,89.0,0.0,117.0,96.0,145.0,61.0,0.0,91.0,45.0,0.0,0.0,0.0,57.0,0.0,0.0,0.0,0.0,0.0,0.0,0.0,149.0,0.0,0.0,34.0,0.0,57.0,0.0,0.0,0.0,0.0,0.0,34.0,101.0,142.0,0.0,0.0,102.0,116.0,98.0,86.0,99.0,105.0,71.0,40.0,0.0,0.0,0.0,126.0
1995-10-01,0.0,95.0,0.0,127.0,108.0,156.0,69.0,0.0,95.0,55.0,0.0,0.0,0.0,69.0,0.0,0.0,0.0,0.0,0.0,0.0,0.0,156.0,0.0,0.0,34.0,0.0,57.0,0.0,0.0,2.0,0.0,0.0,34.0,108.0,147.0,0.0,1.0,103.0,120.0,101.0,92.0,104.0,112.0,73.0,40.0,0.0,0.0,0.0,130.0
1995-11-01,0.0,100.0,0.0,130.0,122.0,168.0,77.0,0.0,100.0,64.0,0.0,0.0,0.0,78.0,0.0,0.0,0.0,0.0,0.0,0.0,0.0,163.0,0.0,0.0,34.0,0.0,57.0,0.0,0.0,11.0,0.0,0.0,34.0,110.0,157.0,0.0,9.0,111.0,123.0,111.0,102.0,112.0,122.0,80.0,47.0,0.0,0.0,0.0,140.0
1995-12-01,0.0,101.0,0.0,136.0,129.0,176.0,83.0,0.0,105.0,69.0,0.0,0.0,0.0,88.0,0.0,0.0,0.0,0.0,0.0,0.0,0.0,167.0,0.0,0.0,34.0,0.0,57.0,0.0,0.0,14.0,0.0,0.0,34.0,117.0,164.0,0.0,16.0,118.0,133.0,113.0,106.0,116.0,129.0,82.0,51.0,0.0,0.0,0.0,141.0
1996-01-01,0.0,108.0,0.0,140.0,138.0,180.0,91.0,0.0,112.0,78.0,0.0,0.0,0.0,95.0,0.0,0.0,0.0,0.0,0.0,0.0,0.0,176.0,0.0,0.0,34.0,0.0,57.0,0.0,0.0,17.0,0.0,0.0,34.0,121.0,170.0,0.0,18.0,122.0,138.0,117.0,106.0,125.0,135.0,84.0,55.0,0.0,0.0,0.0,149.0
1996-02-01,0.0,112.0,0.0,146.0,151.0,191.0,99.0,0.0,122.0,88.0,0.0,0.0,0.0,103.0,0.0,0.0,0.0,0.0,0.0,0.0,0.0,187.0,0.0,0.0,34.0,0.0,57.0,0.0,0.0,23.0,0.0,0.0,34.0,127.0,181.0,0.0,22.0,125.0,139.0,131.0,114.0,137.0,150.0,88.0,64.0,0.0,0.0,0.0,152.0
1996-03-01,0.0,119.0,0.0,150.0,160.0,201.0,105.0,0.0,124.0,98.0,0.0,0.0,0.0,108.0,0.0,0.0,0.0,0.0,0.0,0.0,0.0,189.0,0.0,0.0,34.0,0.0,57.0,0.0,0.0,27.0,0.0,0.0,34.0,130.0,186.0,0.0,24.0,133.0,146.0,139.0,114.0,141.0,157.0,94.0,68.0,0.0,0.0,0.0,159.0
1996-04-01,0.0,122.0,0.0,153.0,168.0,212.0,118.0,0.0,133.0,99.0,0.0,0.0,0.0,116.0,0.0,0.0,0.0,0.0,0.0,0.0,0.0,199.0,0.0,0.0,34.0,0.0,57.0,0.0,0.0,30.0,0.0,0.0,34.0,141.0,196.0,0.0,27.0,143.0,152.0,148.0,123.0,154.0,169.0,106.0,77.0,0.0,0.0,0.0,165.0
1996-05-01,0.0,129.0,0.0,160.0,173.0,219.0,120.0,0.0,138.0,102.0,0.0,0.0,0.0,123.0,0.0,0.0,0.0,0.0,0.0,0.0,0.0,209.0,0.0,0.0,34.0,0.0,57.0,0.0,0.0,39.0,0.0,0.0,34.0,145.0,200.0,0.0,27.0,148.0,159.0,154.0,129.0,161.0,178.0,109.0,78.0,0.0,0.0,0.0,168.0
1996-06-01,0.0,131.0,0.0,165.0,183.0,225.0,123.0,0.0,143.0,104.0,0.0,0.0,0.0,131.0,0.0,0.0,0.0,0.0,0.0,0.0,0.0,210.0,0.0,0.0,34.0,0.0,57.0,0.0,0.0,42.0,0.0,0.0,34.0,149.0,212.0,0.0,33.0,149.0,164.0,161.0,132.0,171.0,188.0,118.0,84.0,0.0,0.0,0.0,174.0
1996-09-01,0.0,131.0,0.0,165.0,183.0,225.0,123.0,0.0,143.0,104.0,0.0,0.0,0.0,131.0,0.0,0.0,0.0,0.0,0.0,0.0,0.0,211.0,0.0,0.0,34.0,0.0,57.0,0.0,0.0,42.0,0.0,0.0,34.0,149.0,213.0,0.0,33.0,149.0,164.0,161.0,132.0,171.0,188.0,118.0,84.0,0.0,0.0,0.0,174.0
1996-10-01,0.0,131.0,0.0,172.0,192.0,238.0,133.0,0.0,147.0,110.0,0.0,0.0,0.0,138.0,0.0,0.0,0.0,0.0,0.0,3.0,0.0,221.0,0.0,0.0,34.0,0.0,64.0,0.0,0.0,42.0,0.0,0.0,34.0,158.0,223.0,0.0,33.0,156.0,167.0,169.0,139.0,180.0,195.0,125.0,90.0,0.0,0.0,0.0,179.0
1996-11-01,0.0,131.0,0.0,180.0,197.0,251.0,141.0,0.0,156.0,113.0,0.0,0.0,0.0,145.0,4.0,0.0,0.0,0.0,0.0,4.0,0.0,232.0,0.0,0.0,34.0,0.0,67.0,0.0,0.0,42.0,0.0,0.0,34.0,161.0,234.0,0.0,33.0,165.0,172.0,175.0,144.0,185.0,204.0,135.0,98.0,0.0,0.0,0.0,182.0
1996-12-01,0.0,131.0,0.0,189.0,210.0,256.0,149.0,0.0,163.0,117.0,0.0,0.0,0.0,147.0,6.0,0.0,0.0,0.0,0.0,8.0,0.0,240.0,0.0,0.0,34.0,0.0,69.0,0.0,0.0,42.0,0.0,0.0,34.0,165.0,247.0,0.0,33.0,171.0,178.0,182.0,148.0,190.0,208.0,141.0,104.0,0.0,0.0,0.0,185.0
1997-01-01,0.0,131.0,0.0,192.0,212.0,262.0,158.0,0.0,166.0,120.0,0.0,0.0,0.0,150.0,8.0,0.0,0.0,0.0,0.0,11.0,0.0,247.0,0.0,0.0,34.0,0.0,72.0,0.0,0.0,42.0,0.0,0.0,34.0,168.0,251.0,0.0,33.0,174.0,178.0,189.0,149.0,196.0,211.0,144.0,107.0,0.0,0.0,0.0,188.0
1997-02-01,0.0,131.0,0.0,197.0,218.0,271.0,162.0,0.0,167.0,127.0,0.0,0.0,0.0,154.0,15.0,0.0,0.0,0.0,0.0,18.0,0.0,249.0,0.0,0.0,34.0,0.0,78.0,0.0,0.0,42.0,0.0,0.0,34.0,175.0,261.0,0.0,33.0,179.0,182.0,198.0,154.0,200.0,216.0,148.0,107.0,0.0,0.0,0.0,189.0
1997-03-01,0.0,131.0,0.0,205.0,229.0,278.0,170.0,0.0,176.0,132.0,0.0,0.0,0.0,157.0,23.0,0.0,0.0,0.0,0.0,19.0,0.0,257.0,0.0,0.0,34.0,0.0,82.0,0.0,0.0,42.0,0.0,0.0,34.0,178.0,271.0,0.0,33.0,187.0,185.0,205.0,161.0,207.0,224.0,158.0,111.0,0.0,0.0,0.0,199.0
1997-04-01,0.0,131.0,0.0,212.0,238.0,288.0,186.0,0.0,179.0,140.0,0.0,0.0,0.0,162.0,32.0,0.0,0.0,0.0,0.0,25.0,0.0,270.0,0.0,0.0,34.0,0.0,85.0,0.0,0.0,42.0,0.0,0.0,34.0,184.0,284.0,0.0,33.0,190.0,189.0,208.0,167.0,215.0,231.0,163.0,117.0,0.0,0.0,0.0,207.0
1997-05-01,0.0,131.0,0.0,216.0,242.0,297.0,194.0,0.0,185.0,145.0,0.0,0.0,0.0,170.0,40.0,0.0,0.0,0.0,0.0,32.0,0.0,279.0,0.0,0.0,34.0,0.0,85.0,0.0,0.0,42.0,0.0,0.0,34.0,187.0,292.0,0.0,33.0,195.0,194.0,211.0,168.0,218.0,235.0,172.0,123.0,0.0,0.0,0.0,214.0
1997-06-01,0.0,131.0,0.0,223.0,251.0,309.0,197.0,0.0,189.0,153.0,0.0,0.0,0.0,176.0,41.0,0.0,0.0,0.0,0.0,35.0,0.0,284.0,0.0,0.0,34.0,0.0,89.0,0.0,0.0,42.0,0.0,0.0,34.0,193.0,298.0,0.0,33.0,197.0,201.0,215.0,178.0,223.0,241.0,176.0,129.0,0.0,0.0,0.0,223.0
1997-07-01,0.0,131.0,0.0,229.0,254.0,315.0,200.0,0.0,192.0,157.0,0.0,0.0,0.0,182.0,44.0,0.0,0.0,0.0,0.0,41.0,0.0,287.0,0.0,0.0,34.0,0.0,90.0,0.0,0.0,42.0,0.0,0.0,34.0,197.0,304.0,0.0,33.0,199.0,207.0,224.0,182.0,227.0,244.0,182.0,129.0,0.0,0.0,0.0,224.0
1997-09-01,0.0,131.0,0.0,229.0,255.0,318.0,200.0,0.0,195.0,160.0,0.0,0.0,0.0,185.0,44.0,0.0,0.0,0.0,0.0,41.0,0.0,288.0,0.0,0.0,34.0,0.0,90.0,0.0,3.0,42.0,0.0,0.0,34.0,200.0,305.0,0.0,33.0,202.0,207.0,224.0,182.0,228.0,244.0,182.0,129.0,0.0,0.0,0.0,224.0
1997-10-01,0.0,131.0,0.0,234.0,259.0,327.0,205.0,0.0,200.0,162.0,0.0,0.0,0.0,188.0,44.0,0.0,0.0,0.0,0.0,41.0,0.0,292.0,0.0,0.0,34.0,0.0,90.0,0.0,10.0,44.0,0.0,0.0,34.0,203.0,314.0,0.0,37.0,205.0,207.0,230.0,182.0,234.0,244.0,182.0,129.0,0.0,0.0,0.0,229.0
1997-11-01,0.0,131.0,0.0,240.0,268.0,337.0,212.0,0.0,207.0,164.0,0.0,0.0,0.0,198.0,44.0,0.0,0.0,0.0,0.0,41.0,0.0,295.0,0.0,0.0,34.0,0.0,90.0,0.0,15.0,47.0,0.0,0.0,34.0,207.0,322.0,0.0,37.0,209.0,207.0,240.0,183.0,238.0,249.0,186.0,129.0,0.0,0.0,0.0,234.0
1997-12-01,0.0,131.0,0.0,248.0,280.0,343.0,220.0,0.0,216.0,171.0,0.0,0.0,0.0,207.0,44.0,0.0,0.0,0.0,0.0,41.0,0.0,301.0,0.0,0.0,34.0,0.0,90.0,0.0,21.0,58.0,0.0,0.0,34.0,219.0,335.0,0.0,43.0,215.0,207.0,250.0,184.0,240.0,255.0,195.0,129.0,0.0,0.0,0.0,244.0
1998-01-01,0.0,131.0,0.0,260.0,284.0,355.0,226.0,0.0,223.0,173.0,0.0,0.0,0.0,211.0,44.0,0.0,0.0,0.0,0.0,41.0,0.0,303.0,0.0,0.0,34.0,0.0,90.0,0.0,27.0,59.0,0.0,0.0,34.0,220.0,343.0,0.0,50.0,222.0,207.0,256.0,185.0,242.0,265.0,202.0,129.0,0.0,0.0,0.0,248.0
1998-02-01,0.0,131.0,0.0,268.0,291.0,356.0,234.0,0.0,226.0,180.0,0.0,0.0,0.0,215.0,44.0,0.0,0.0,0.0,0.0,41.0,0.0,313.0,0.0,0.0,34.0,0.0,90.0,0.0,35.0,66.0,0.0,0.0,34.0,226.0,347.0,0.0,57.0,226.0,207.0,263.0,185.0,251.0,272.0,205.0,129.0,0.0,0.0,0.0,253.0
1998-03-01,0.0,131.0,0.0,269.0,299.0,364.0,243.0,0.0,233.0,184.0,0.0,0.0,0.0,221.0,44.0,0.0,0.0,0.0,0.0,41.0,0.0,320.0,0.0,0.0,34.0,0.0,90.0,0.0,42.0,70.0,0.0,0.0,34.0,230.0,354.0,0.0,60.0,229.0,207.0,268.0,188.0,255.0,281.0,214.0,129.0,0.0,0.0,0.0,259.0
1998-04-01,0.0,131.0,0.0,279.0,301.0,376.0,250.0,0.0,243.0,191.0,0.0,0.0,0.0,225.0,44.0,0.0,0.0,0.0,0.0,41.0,0.0,326.0,0.0,0.0,34.0,0.0,90.0,0.0,49.0,78.0,0.0,0.0,34.0,234.0,359.0,0.0,67.0,231.0,207.0,275.0,191.0,260.0,289.0,222.0,129.0,0.0,0.0,0.0,264.0
1998-05-01,0.0,131.0,0.0,287.0,308.0,389.0,256.0,0.0,248.0,194.0,0.0,0.0,0.0,230.0,44.0,0.0,0.0,0.0,0.0,41.0,0.0,333.0,0.0,0.0,34.0,0.0,90.0,0.0,56.0,79.0,0.0,0.0,34.0,234.0,364.0,0.0,74.0,240.0,207.0,280.0,194.0,265.0,295.0,229.0,129.0,0.0,0.0,0.0,268.0
1998-06-01,0.0,131.0,0.0,294.0,314.0,389.0,259.0,0.0,252.0,201.0,0.0,0.0,0.0,235.0,44.0,0.0,0.0,0.0,0.0,41.0,0.0,336.0,0.0,0.0,34.0,0.0,90.0,0.0,60.0,81.0,0.0,0.0,34.0,237.0,367.0,0.0,78.0,244.0,207.0,287.0,195.0,272.0,299.0,232.0,129.0,0.0,0.0,0.0,272.0
1998-09-01,1.0,131.0,0.0,294.0,314.0,390.0,260.0,0.0,253.0,201.0,0.0,0.0,0.0,238.0,45.0,0.0,0.0,0.0,0.0,41.0,0.0,337.0,0.0,0.0,34.0,0.0,90.0,0.0,61.0,81.0,0.0,0.0,34.0,238.0,370.0,0.0,79.0,245.0,207.0,288.0,195.0,272.0,302.0,233.0,129.0,0.0,0.0,0.0,275.0
1998-10-01,7.0,131.0,0.0,300.0,321.0,395.0,261.0,0.0,256.0,201.0,0.0,0.0,0.0,239.0,46.0,0.0,0.0,0.0,0.0,41.0,0.0,343.0,0.0,0.0,34.0,0.0,90.0,0.0,68.0,81.0,0.0,0.0,34.0,242.0,377.0,0.0,82.0,248.0,207.0,289.0,195.0,276.0,305.0,237.0,129.0,4.0,0.0,0.0,281.0
1998-11-01,7.0,131.0,0.0,304.0,327.0,405.0,267.0,0.0,266.0,201.0,0.0,0.0,0.0,241.0,49.0,0.0,0.0,0.0,0.0,41.0,0.0,347.0,0.0,0.0,34.0,0.0,90.0,0.0,75.0,81.0,0.0,0.0,34.0,246.0,384.0,0.0,89.0,256.0,207.0,296.0,195.0,278.0,311.0,240.0,129.0,7.0,0.0,0.0,284.0
1998-12-01,12.0,131.0,0.0,310.0,334.0,408.0,276.0,0.0,273.0,201.0,0.0,0.0,0.0,248.0,55.0,0.0,0.0,0.0,0.0,41.0,0.0,356.0,0.0,0.0,34.0,0.0,90.0,0.0,82.0,81.0,0.0,0.0,34.0,252.0,385.0,0.0,92.0,260.0,207.0,303.0,195.0,282.0,318.0,247.0,129.0,13.0,0.0,0.0,291.0
1999-01-01,15.0,131.0,0.0,317.0,337.0,411.0,278.0,0.0,277.0,201.0,0.0,0.0,0.0,252.0,56.0,0.0,0.0,0.0,0.0,41.0,0.0,360.0,0.0,0.0,34.0,0.0,90.0,0.0,89.0,81.0,0.0,0.0,34.0,261.0,389.0,0.0,93.0,262.0,207.0,309.0,195.0,285.0,324.0,250.0,129.0,19.0,0.0,0.0,293.0
1999-02-01,16.0,131.0,0.0,327.0,346.0,426.0,288.0,0.0,286.0,201.0,0.0,0.0,0.0,259.0,61.0,0.0,0.0,0.0,0.0,41.0,0.0,369.0,0.0,0.0,34.0,0.0,90.0,0.0,95.0,81.0,0.0,0.0,34.0,267.0,401.0,0.0,94.0,266.0,207.0,316.0,195.0,290.0,335.0,252.0,129.0,24.0,0.0,0.0,300.0
1999-03-01,21.0,131.0,0.0,332.0,347.0,433.0,293.0,0.0,291.0,201.0,0.0,0.0,0.0,267.0,65.0,0.0,0.0,0.0,0.0,41.0,0.0,374.0,0.0,0.0,34.0,0.0,90.0,0.0,102.0,81.0,0.0,0.0,34.0,272.0,404.0,0.0,100.0,273.0,207.0,323.0,195.0,292.0,339.0,261.0,129.0,28.0,0.0,0.0,308.0
1999-04-01,27.0,131.0,0.0,336.0,347.0,442.0,296.0,0.0,300.0,201.0,0.0,0.0,0.0,268.0,68.0,0.0,0.0,0.0,0.0,41.0,0.0,383.0,0.0,0.0,34.0,0.0,90.0,0.0,105.0,81.0,0.0,0.0,34.0,274.0,413.0,0.0,100.0,276.0,207.0,325.0,195.0,296.0,346.0,266.0,129.0,31.0,0.0,0.0,309.0
1999-05-01,34.0,131.0,0.0,341.0,350.0,452.0,299.0,0.0,306.0,201.0,0.0,0.0,0.0,278.0,72.0,0.0,0.0,0.0,0.0,41.0,0.0,390.0,0.0,0.0,34.0,0.0,90.0,0.0,114.0,81.0,0.0,0.0,34.0,275.0,420.0,0.0,102.0,279.0,207.0,333.0,195.0,299.0,351.0,272.0,129.0,32.0,0.0,0.0,316.0
1999-06-01,37.0,131.0,0.0,348.0,354.0,465.0,308.0,0.0,316.0,201.0,0.0,0.0,0.0,290.0,81.0,0.0,0.0,0.0,0.0,41.0,0.0,398.0,0.0,0.0,34.0,0.0,90.0,0.0,123.0,81.0,0.0,0.0,34.0,279.0,432.0,0.0,105.0,286.0,207.0,341.0,195.0,300.0,361.0,276.0,129.0,32.0,0.0,0.0,325.0
1999-07-01,40.0,131.0,0.0,354.0,360.0,468.0,308.0,0.0,316.0,201.0,0.0,0.0,0.0,296.0,83.0,0.0,0.0,0.0,0.0,41.0,0.0,399.0,0.0,0.0,34.0,0.0,90.0,0.0,126.0,81.0,0.0,0.0,34.0,282.0,435.0,0.0,105.0,286.0,207.0,341.0,195.0,306.0,364.0,280.0,129.0,36.0,0.0,0.0,329.0
1999-09-01,43.0,131.0,0.0,357.0,360.0,474.0,309.0,0.0,319.0,201.0,0.0,0.0,0.0,299.0,83.0,0.0,0.0,0.0,0.0,41.0,0.0,403.0,0.0,0.0,34.0,0.0,90.0,3.0,126.0,81.0,0.0,3.0,34.0,285.0,441.0,0.0,105.0,289.0,208.0,345.0,195.0,306.0,364.0,283.0,135.0,36.0,0.0,0.0,332.0
1999-10-01,49.0,131.0,0.0,359.0,364.0,480.0,312.0,0.0,325.0,201.0,0.0,0.0,0.0,305.0,83.0,0.0,0.0,0.0,0.0,41.0,0.0,407.0,0.0,0.0,34.0,0.0,90.0,7.0,132.0,81.0,0.0,7.0,34.0,288.0,444.0,0.0,105.0,293.0,210.0,348.0,195.0,306.0,365.0,287.0,141.0,36.0,0.0,0.0,337.0
1999-11-01,54.0,131.0,0.0,366.0,373.0,488.0,324.0,0.0,334.0,201.0,0.0,0.0,0.0,310.0,83.0,0.0,0.0,0.0,0.0,41.0,0.0,417.0,0.0,0.0,34.0,0.0,90.0,9.0,137.0,81.0,0.0,12.0,34.0,294.0,447.0,0.0,105.0,301.0,215.0,350.0,195.0,306.0,375.0,291.0,151.0,36.0,0.0,0.0,347.0
1999-12-01,57.0,131.0,0.0,373.0,374.0,488.0,328.0,0.0,343.0,201.0,0.0,0.0,0.0,311.0,83.0,0.0,0.0,0.0,0.0,41.0,0.0,426.0,0.0,0.0,34.0,0.0,90.0,16.0,146.0,81.0,0.0,16.0,34.0,295.0,451.0,0.0,105.0,303.0,217.0,357.0,195.0,306.0,379.0,292.0,151.0,36.0,0.0,0.0,351.0
2000-01-01,65.0,131.0,0.0,377.0,380.0,495.0,331.0,0.0,344.0,201.0,0.0,0.0,0.0,318.0,83.0,0.0,0.0,0.0,0.0,41.0,0.0,435.0,0.0,0.0,34.0,0.0,90.0,20.0,151.0,81.0,0.0,23.0,34.0,299.0,458.0,0.0,105.0,305.0,220.0,360.0,195.0,306.0,389.0,300.0,155.0,36.0,0.0,0.0,359.0
2000-02-01,72.0,131.0,0.0,386.0,388.0,506.0,335.0,0.0,351.0,201.0,0.0,0.0,0.0,323.0,83.0,0.0,0.0,0.0,0.0,41.0,0.0,439.0,0.0,0.0,34.0,0.0,90.0,28.0,155.0,81.0,0.0,31.0,34.0,306.0,468.0,0.0,105.0,312.0,224.0,366.0,195.0,306.0,394.0,307.0,159.0,36.0,0.0,0.0,367.0
2000-03-01,82.0,131.0,0.0,391.0,390.0,509.0,340.0,0.0,354.0,201.0,0.0,0.0,0.0,328.0,83.0,0.0,0.0,0.0,0.0,41.0,0.0,448.0,0.0,0.0,34.0,0.0,90.0,33.0,162.0,81.0,0.0,34.0,34.0,310.0,478.0,0.0,105.0,319.0,230.0,370.0,195.0,306.0,402.0,312.0,163.0,36.0,0.0,0.0,372.0
2000-04-01,89.0,131.0,0.0,392.0,392.0,521.0,343.0,0.0,359.0,201.0,0.0,0.0,0.0,335.0,83.0,0.0,0.0,0.0,0.0,41.0,0.0,454.0,0.0,0.0,34.0,0.0,90.0,38.0,164.0,81.0,0.0,38.0,34.0,315.0,484.0,0.0,105.0,322.0,234.0,376.0,195.0,306.0,409.0,321.0,168.0,36.0,0.0,0.0,380.0
2000-05-01,97.0,131.0,0.0,399.0,393.0,530.0,344.0,0.0,364.0,201.0,0.0,0.0,0.0,342.0,83.0,0.0,0.0,0.0,0.0,41.0,0.0,463.0,0.0,0.0,34.0,0.0,90.0,47.0,174.0,81.0,0.0,41.0,34.0,323.0,494.0,0.0,105.0,329.0,234.0,384.0,195.0,306.0,421.0,327.0,175.0,36.0,0.0,0.0,388.0
2000-06-01,101.0,131.0,0.0,404.0,398.0,532.0,350.0,0.0,369.0,201.0,0.0,0.0,0.0,343.0,83.0,0.0,0.0,0.0,0.0,41.0,0.0,468.0,0.0,0.0,34.0,0.0,90.0,48.0,177.0,81.0,0.0,45.0,34.0,327.0,497.0,0.0,105.0,332.0,235.0,388.0,195.0,306.0,428.0,333.0,181.0,36.0,0.0,0.0,392.0
2000-10-01,105.0,131.0,0.0,407.0,398.0,538.0,350.0,0.0,378.0,201.0,0.0,0.0,0.0,346.0,83.0,0.0,0.0,0.0,0.0,41.0,0.0,475.0,2.0,0.0,34.0,0.0,90.0,52.0,178.0,81.0,0.0,48.0,38.0,328.0,505.0,0.0,105.0,334.0,235.0,390.0,195.0,306.0,434.0,338.0,186.0,36.0,6.0,0.0,394.0
2000-11-01,115.0,131.0,0.0,412.0,398.0,544.0,350.0,0.0,382.0,201.0,0.0,0.0,0.0,350.0,83.0,0.0,0.0,0.0,0.0,41.0,0.0,485.0,11.0,0.0,34.0,0.0,90.0,56.0,185.0,81.0,0.0,52.0,40.0,335.0,511.0,0.0,105.0,337.0,235.0,393.0,195.0,306.0,444.0,341.0,193.0,36.0,9.0,0.0,396.0
2000-12-01,119.0,131.0,0.0,419.0,398.0,551.0,350.0,0.0,386.0,201.0,0.0,0.0,0.0,361.0,83.0,0.0,0.0,0.0,0.0,41.0,0.0,492.0,17.0,0.0,34.0,0.0,90.0,63.0,197.0,81.0,0.0,56.0,43.0,344.0,517.0,0.0,105.0,342.0,235.0,399.0,195.0,306.0,452.0,348.0,200.0,36.0,15.0,0.0,405.0
2001-01-01,125.0,131.0,0.0,424.0,398.0,559.0,350.0,0.0,388.0,201.0,0.0,0.0,0.0,361.0,83.0,0.0,0.0,0.0,0.0,41.0,0.0,499.0,21.0,0.0,34.0,0.0,90.0,69.0,203.0,81.0,0.0,61.0,47.0,350.0,529.0,0.0,105.0,346.0,235.0,400.0,195.0,306.0,460.0,351.0,205.0,36.0,23.0,0.0,411.0
2001-02-01,128.0,131.0,0.0,431.0,398.0,569.0,350.0,0.0,392.0,201.0,0.0,0.0,0.0,370.0,83.0,0.0,0.0,0.0,0.0,41.0,0.0,506.0,28.0,0.0,34.0,0.0,90.0,76.0,208.0,81.0,0.0,64.0,51.0,354.0,542.0,0.0,105.0,346.0,235.0,405.0,195.0,306.0,463.0,358.0,210.0,36.0,29.0,0.0,416.0
2001-03-01,135.0,131.0,0.0,437.0,398.0,575.0,350.0,0.0,398.0,201.0,0.0,0.0,0.0,374.0,83.0,0.0,0.0,0.0,0.0,41.0,0.0,516.0,31.0,0.0,34.0,0.0,90.0,79.0,215.0,81.0,0.0,68.0,54.0,354.0,549.0,0.0,105.0,352.0,235.0,409.0,195.0,306.0,473.0,365.0,215.0,36.0,38.0,0.0,422.0
2001-04-01,140.0,131.0,0.0,440.0,398.0,578.0,350.0,0.0,410.0,201.0,0.0,0.0,0.0,382.0,83.0,0.0,0.0,0.0,0.0,41.0,0.0,522.0,35.0,0.0,34.0,0.0,90.0,86.0,222.0,81.0,0.0,72.0,58.0,358.0,556.0,0.0,105.0,355.0,235.0,413.0,195.0,306.0,477.0,365.0,215.0,36.0,42.0,0.0,424.0
2001-05-01,147.0,131.0,0.0,446.0,398.0,584.0,350.0,0.0,417.0,201.0,0.0,0.0,0.0,388.0,83.0,0.0,0.0,0.0,0.0,41.0,0.0,528.0,39.0,0.0,34.0,0.0,90.0,94.0,233.0,81.0,0.0,74.0,66.0,361.0,566.0,0.0,105.0,363.0,235.0,421.0,195.0,306.0,484.0,368.0,220.0,36.0,47.0,0.0,428.0
2001-06-01,150.0,131.0,0.0,447.0,398.0,591.0,350.0,0.0,424.0,201.0,0.0,0.0,0.0,390.0,83.0,0.0,0.0,0.0,0.0,41.0,0.0,535.0,43.0,0.0,34.0,0.0,90.0,101.0,242.0,81.0,0.0,81.0,70.0,367.0,573.0,0.0,105.0,368.0,235.0,428.0,195.0,306.0,491.0,374.0,221.0,36.0,54.0,0.0,433.0
2001-07-01,150.0,131.0,0.0,447.0,398.0,595.0,350.0,0.0,428.0,201.0,0.0,0.0,0.0,393.0,83.0,0.0,0.0,0.0,0.0,41.0,0.0,541.0,46.0,0.0,34.0,0.0,90.0,104.0,248.0,81.0,0.0,84.0,76.0,368.0,577.0,0.0,105.0,371.0,235.0,431.0,195.0,306.0,491.0,375.0,224.0,36.0,57.0,0.0,434.0
2001-09-01,153.0,131.0,0.0,450.0,398.0,598.0,350.0,0.0,431.0,201.0,0.0,0.0,0.0,396.0,83.0,0.0,0.0,0.0,0.0,41.0,0.0,544.0,49.0,0.0,34.0,0.0,90.0,107.0,248.0,81.0,0.0,84.0,76.0,368.0,577.0,0.0,105.0,371.0,235.0,431.0,195.0,306.0,494.0,375.0,224.0,36.0,60.0,0.0,434.0
2001-10-01,158.0,131.0,0.0,457.0,398.0,606.0,362.0,0.0,439.0,201.0,0.0,0.0,0.0,399.0,83.0,0.0,0.0,0.0,0.0,41.0,0.0,551.0,50.0,0.0,34.0,0.0,90.0,109.0,252.0,81.0,0.0,84.0,83.0,368.0,582.0,0.0,105.0,371.0,242.0,432.0,195.0,310.0,500.0,380.0,225.0,36.0,69.0,0.0,439.0
2001-11-01,168.0,131.0,0.0,460.0,398.0,614.0,367.0,0.0,446.0,201.0,0.0,0.0,0.0,407.0,83.0,0.0,0.0,0.0,0.0,41.0,0.0,561.0,57.0,0.0,34.0,0.0,90.0,117.0,256.0,81.0,0.0,84.0,90.0,368.0,590.0,0.0,105.0,371.0,248.0,439.0,195.0,316.0,509.0,387.0,231.0,36.0,71.0,0.0,445.0
2001-12-01,174.0,131.0,0.0,470.0,398.0,618.0,374.0,0.0,449.0,201.0,0.0,0.0,0.0,410.0,83.0,0.0,0.0,0.0,0.0,41.0,0.0,567.0,61.0,0.0,34.0,0.0,90.0,120.0,265.0,81.0,0.0,84.0,91.0,368.0,599.0,0.0,105.0,371.0,255.0,445.0,195.0,323.0,514.0,393.0,234.0,36.0,78.0,0.0,454.0
2002-01-01,180.0,131.0,0.0,478.0,398.0,622.0,381.0,0.0,459.0,201.0,0.0,0.0,0.0,417.0,83.0,0.0,0.0,0.0,0.0,41.0,0.0,574.0,69.0,0.0,34.0,0.0,90.0,125.0,268.0,81.0,0.0,84.0,95.0,368.0,609.0,0.0,105.0,371.0,259.0,449.0,195.0,324.0,521.0,397.0,236.0,36.0,79.0,0.0,457.0
2002-02-01,186.0,131.0,0.0,482.0,398.0,628.0,384.0,0.0,465.0,201.0,0.0,0.0,0.0,419.0,83.0,0.0,0.0,0.0,0.0,41.0,0.0,578.0,73.0,0.0,34.0,0.0,90.0,131.0,274.0,81.0,0.0,84.0,103.0,368.0,617.0,0.0,105.0,371.0,268.0,450.0,195.0,328.0,527.0,407.0,244.0,36.0,84.0,0.0,461.0
2002-03-01,189.0,131.0,0.0,489.0,398.0,638.0,395.0,0.0,470.0,201.0,0.0,0.0,0.0,430.0,83.0,0.0,0.0,0.0,0.0,41.0,0.0,585.0,76.0,0.0,34.0,0.0,90.0,139.0,275.0,81.0,0.0,84.0,109.0,368.0,623.0,0.0,105.0,371.0,273.0,460.0,195.0,333.0,538.0,414.0,252.0,36.0,89.0,0.0,466.0
2002-04-01,195.0,131.0,0.0,495.0,398.0,646.0,402.0,0.0,482.0,201.0,0.0,0.0,0.0,434.0,83.0,0.0,0.0,0.0,0.0,41.0,0.0,596.0,83.0,0.0,34.0,0.0,90.0,149.0,285.0,81.0,0.0,84.0,110.0,368.0,636.0,0.0,105.0,371.0,274.0,468.0,195.0,338.0,550.0,416.0,258.0,36.0,94.0,0.0,468.0
2002-05-01,201.0,131.0,0.0,496.0,398.0,655.0,409.0,0.0,488.0,201.0,0.0,0.0,0.0,440.0,83.0,0.0,0.0,0.0,0.0,41.0,0.0,603.0,85.0,0.0,34.0,0.0,90.0,154.0,287.0,81.0,0.0,84.0,117.0,368.0,642.0,0.0,105.0,371.0,282.0,474.0,195.0,341.0,560.0,423.0,267.0,36.0,97.0,0.0,470.0
2002-06-01,204.0,131.0,0.0,500.0,398.0,659.0,409.0,0.0,488.0,201.0,0.0,0.0,0.0,440.0,83.0,0.0,0.0,0.0,0.0,41.0,0.0,609.0,86.0,0.0,34.0,0.0,90.0,157.0,291.0,81.0,0.0,84.0,118.0,368.0,643.0,0.0,105.0,371.0,288.0,478.0,195.0,344.0,566.0,423.0,273.0,36.0,100.0,0.0,471.0
2002-09-01,204.0,131.0,0.0,500.0,398.0,659.0,409.0,0.0,488.0,201.0,0.0,0.0,0.0,440.0,83.0,0.0,0.0,0.0,0.0,41.0,0.0,609.0,86.0,0.0,34.0,0.0,90.0,157.0,291.0,81.0,0.0,84.0,118.0,368.0,643.0,0.0,105.0,371.0,288.0,478.0,195.0,344.0,566.0,426.0,273.0,36.0,100.0,0.0,471.0
2002-10-01,208.0,131.0,0.0,501.0,404.0,666.0,416.0,0.0,498.0,201.0,0.0,0.0,0.0,441.0,83.0,0.0,0.0,0.0,0.0,41.0,0.0,618.0,86.0,0.0,34.0,0.0,90.0,165.0,294.0,81.0,0.0,84.0,119.0,368.0,650.0,1.0,105.0,375.0,291.0,488.0,195.0,344.0,576.0,430.0,277.0,36.0,102.0,0.0,471.0
2002-11-01,209.0,131.0,0.0,505.0,406.0,670.0,419.0,0.0,502.0,201.0,0.0,0.0,0.0,447.0,83.0,0.0,0.0,0.0,0.0,41.0,0.0,621.0,86.0,0.0,34.0,0.0,90.0,169.0,303.0,81.0,0.0,84.0,123.0,368.0,655.0,2.0,105.0,381.0,295.0,495.0,195.0,344.0,580.0,433.0,281.0,36.0,107.0,0.0,471.0
2002-12-01,216.0,131.0,0.0,515.0,416.0,675.0,426.0,0.0,506.0,201.0,0.0,0.0,0.0,447.0,83.0,0.0,0.0,0.0,0.0,41.0,0.0,627.0,86.0,0.0,34.0,0.0,90.0,174.0,313.0,81.0,0.0,84.0,130.0,368.0,661.0,8.0,105.0,382.0,299.0,501.0,195.0,344.0,587.0,437.0,282.0,36.0,111.0,0.0,471.0
2003-01-01,220.0,131.0,0.0,518.0,419.0,678.0,435.0,0.0,515.0,201.0,0.0,0.0,0.0,453.0,83.0,0.0,0.0,0.0,0.0,41.0,0.0,635.0,86.0,0.0,34.0,0.0,90.0,175.0,314.0,81.0,0.0,84.0,136.0,368.0,670.0,9.0,105.0,391.0,305.0,513.0,195.0,344.0,594.0,440.0,288.0,36.0,115.0,0.0,471.0
2003-02-01,228.0,131.0,0.0,522.0,423.0,682.0,442.0,0.0,518.0,201.0,0.0,0.0,0.0,460.0,83.0,0.0,0.0,0.0,0.0,41.0,0.0,641.0,86.0,0.0,34.0,0.0,90.0,181.0,318.0,81.0,0.0,84.0,141.0,368.0,681.0,14.0,105.0,391.0,310.0,521.0,195.0,344.0,601.0,447.0,291.0,36.0,122.0,0.0,471.0
2003-03-01,232.0,131.0,0.0,530.0,430.0,689.0,445.0,0.0,525.0,201.0,0.0,0.0,0.0,462.0,83.0,0.0,0.0,0.0,0.0,41.0,0.0,651.0,86.0,0.0,34.0,0.0,90.0,185.0,319.0,81.0,0.0,84.0,145.0,368.0,688.0,18.0,105.0,400.0,317.0,525.0,195.0,344.0,611.0,450.0,295.0,36.0,128.0,0.0,471.0
2003-04-01,233.0,131.0,0.0,533.0,437.0,695.0,447.0,0.0,532.0,201.0,0.0,0.0,0.0,470.0,83.0,0.0,0.0,0.0,0.0,41.0,0.0,660.0,86.0,0.0,34.0,0.0,90.0,189.0,326.0,81.0,0.0,84.0,148.0,368.0,700.0,24.0,105.0,400.0,327.0,532.0,195.0,344.0,613.0,455.0,299.0,36.0,132.0,0.0,471.0
2003-05-01,234.0,131.0,0.0,541.0,439.0,699.0,451.0,0.0,540.0,201.0,0.0,0.0,0.0,476.0,83.0,0.0,0.0,0.0,0.0,41.0,0.0,669.0,86.0,0.0,34.0,0.0,90.0,199.0,332.0,81.0,0.0,84.0,151.0,368.0,707.0,33.0,105.0,408.0,330.0,538.0,195.0,344.0,619.0,459.0,300.0,36.0,136.0,0.0,471.0
2003-06-01,238.0,131.0,0.0,551.0,445.0,706.0,454.0,0.0,546.0,201.0,0.0,0.0,0.0,482.0,83.0,0.0,0.0,0.0,0.0,41.0,0.0,675.0,86.0,0.0,34.0,0.0,90.0,200.0,338.0,81.0,0.0,84.0,156.0,368.0,715.0,34.0,105.0,412.0,335.0,550.0,195.0,344.0,622.0,465.0,303.0,36.0,143.0,0.0,471.0
2003-07-01,239.0,131.0,0.0,555.0,445.0,715.0,463.0,0.0,549.0,201.0,0.0,0.0,0.0,483.0,83.0,0.0,0.0,0.0,0.0,41.0,0.0,681.0,86.0,0.0,34.0,0.0,90.0,203.0,343.0,81.0,0.0,84.0,165.0,368.0,721.0,36.0,105.0,415.0,338.0,554.0,195.0,344.0,626.0,469.0,305.0,36.0,145.0,0.0,471.0
2003-09-01,239.0,131.0,0.0,555.0,445.0,718.0,463.0,0.0,550.0,201.0,0.0,0.0,0.0,484.0,83.0,0.0,0.0,0.0,0.0,41.0,0.0,684.0,86.0,0.0,34.0,0.0,90.0,204.0,343.0,81.0,1.0,84.0,168.0,368.0,724.0,36.0,105.0,418.0,341.0,555.0,195.0,344.0,627.0,470.0,305.0,36.0,146.0,0.0,471.0
2003-10-01,239.0,134.0,0.0,562.0,449.0,724.0,471.0,0.0,555.0,201.0,0.0,0.0,0.0,485.0,83.0,0.0,0.0,0.0,0.0,41.0,0.0,693.0,86.0,0.0,34.0,0.0,90.0,207.0,347.0,81.0,3.0,84.0,175.0,368.0,731.0,36.0,105.0,420.0,346.0,562.0,195.0,344.0,639.0,476.0,305.0,36.0,154.0,0.0,474.0
2003-11-01,239.0,140.0,0.0,569.0,458.0,730.0,476.0,0.0,559.0,201.0,0.0,0.0,0.0,488.0,83.0,0.0,0.0,0.0,0.0,41.0,0.0,702.0,86.0,0.0,34.0,0.0,90.0,213.0,351.0,81.0,6.0,84.0,182.0,368.0,741.0,36.0,105.0,426.0,350.0,566.0,195.0,344.0,646.0,480.0,305.0,36.0,156.0,0.0,479.0
2003-12-01,239.0,143.0,0.0,575.0,467.0,735.0,477.0,0.0,563.0,201.0,0.0,0.0,0.0,491.0,83.0,0.0,0.0,0.0,0.0,41.0,0.0,707.0,86.0,0.0,34.0,0.0,90.0,220.0,360.0,81.0,9.0,84.0,185.0,368.0,748.0,36.0,105.0,435.0,353.0,568.0,195.0,344.0,653.0,488.0,305.0,36.0,165.0,0.0,486.0
2004-01-01,239.0,151.0,0.0,580.0,472.0,739.0,481.0,0.0,566.0,201.0,0.0,0.0,0.0,491.0,83.0,0.0,0.0,0.0,0.0,41.0,0.0,714.0,86.0,0.0,34.0,0.0,90.0,229.0,366.0,81.0,12.0,84.0,192.0,368.0,760.0,36.0,105.0,437.0,359.0,569.0,195.0,344.0,663.0,493.0,305.0,36.0,172.0,0.0,490.0
2004-02-01,239.0,153.0,0.0,585.0,481.0,746.0,492.0,0.0,570.0,201.0,0.0,0.0,0.0,497.0,83.0,0.0,0.0,0.0,0.0,41.0,0.0,721.0,86.0,0.0,34.0,0.0,90.0,229.0,370.0,81.0,13.0,84.0,199.0,368.0,767.0,36.0,105.0,445.0,363.0,581.0,195.0,344.0,673.0,498.0,305.0,36.0,178.0,0.0,491.0
2004-03-01,239.0,160.0,0.0,596.0,485.0,761.0,500.0,0.0,576.0,201.0,0.0,0.0,0.0,506.0,83.0,0.0,0.0,0.0,0.0,41.0,0.0,731.0,86.0,0.0,34.0,0.0,90.0,238.0,372.0,81.0,16.0,84.0,203.0,368.0,780.0,36.0,105.0,448.0,373.0,585.0,195.0,344.0,677.0,498.0,305.0,36.0,181.0,0.0,500.0
2004-04-01,239.0,167.0,0.0,599.0,490.0,770.0,501.0,0.0,577.0,201.0,0.0,0.0,0.0,513.0,83.0,0.0,0.0,0.0,0.0,41.0,0.0,737.0,86.0,0.0,34.0,0.0,90.0,245.0,375.0,81.0,20.0,84.0,209.0,368.0,785.0,36.0,105.0,453.0,376.0,589.0,195.0,344.0,689.0,505.0,305.0,36.0,185.0,0.0,508.0
2004-05-01,239.0,171.0,0.0,607.0,493.0,781.0,509.0,0.0,585.0,201.0,0.0,0.0,0.0,520.0,83.0,0.0,0.0,0.0,0.0,41.0,0.0,743.0,86.0,0.0,34.0,0.0,90.0,250.0,382.0,81.0,20.0,84.0,213.0,368.0,791.0,36.0,105.0,454.0,384.0,594.0,195.0,344.0,697.0,506.0,305.0,36.0,192.0,0.0,510.0
2004-06-01,239.0,178.0,0.0,611.0,500.0,787.0,515.0,0.0,588.0,201.0,0.0,0.0,0.0,526.0,83.0,0.0,0.0,0.0,0.0,41.0,0.0,752.0,86.0,0.0,34.0,0.0,90.0,254.0,394.0,81.0,26.0,84.0,213.0,368.0,791.0,36.0,105.0,458.0,393.0,600.0,195.0,344.0,703.0,510.0,305.0,36.0,199.0,0.0,519.0
2004-09-01,239.0,178.0,0.0,612.0,503.0,790.0,516.0,0.0,588.0,201.0,0.0,0.0,0.0,527.0,83.0,0.0,0.0,0.0,0.0,41.0,0.0,753.0,86.0,0.0,34.0,1.0,90.0,254.0,394.0,81.0,26.0,85.0,214.0,368.0,794.0,36.0,105.0,458.0,396.0,601.0,195.0,344.0,706.0,510.0,305.0,36.0,199.0,0.0,522.0
2004-10-01,239.0,180.0,0.0,616.0,510.0,800.0,520.0,0.0,588.0,201.0,0.0,0.0,0.0,536.0,83.0,3.0,0.0,0.0,0.0,41.0,0.0,757.0,86.0,0.0,34.0,7.0,90.0,261.0,398.0,81.0,26.0,89.0,223.0,368.0,800.0,36.0,105.0,462.0,403.0,602.0,195.0,344.0,716.0,510.0,305.0,36.0,202.0,0.0,529.0
2004-11-01,239.0,187.0,0.0,620.0,514.0,810.0,526.0,0.0,588.0,201.0,0.0,0.0,0.0,540.0,83.0,6.0,0.0,0.0,0.0,41.0,0.0,765.0,86.0,0.0,34.0,16.0,90.0,266.0,399.0,81.0,26.0,89.0,226.0,368.0,807.0,36.0,105.0,469.0,410.0,611.0,195.0,344.0,718.0,510.0,305.0,36.0,210.0,0.0,535.0
2004-12-01,239.0,192.0,0.0,626.0,519.0,819.0,536.0,0.0,588.0,201.0,0.0,0.0,0.0,549.0,83.0,13.0,0.0,0.0,0.0,41.0,0.0,772.0,86.0,0.0,34.0,19.0,90.0,266.0,404.0,81.0,26.0,95.0,233.0,368.0,816.0,36.0,105.0,473.0,414.0,615.0,195.0,344.0,725.0,510.0,305.0,36.0,213.0,0.0,537.0
2005-01-01,239.0,194.0,0.0,635.0,525.0,829.0,542.0,0.0,588.0,201.0,0.0,0.0,0.0,556.0,83.0,18.0,0.0,0.0,0.0,41.0,0.0,774.0,86.0,0.0,34.0,21.0,90.0,269.0,407.0,81.0,26.0,96.0,240.0,368.0,820.0,36.0,105.0,474.0,424.0,622.0,195.0,344.0,735.0,510.0,305.0,36.0,221.0,0.0,541.0
2005-02-01,239.0,198.0,0.0,641.0,529.0,838.0,549.0,0.0,588.0,201.0,0.0,0.0,0.0,561.0,83.0,23.0,0.0,0.0,0.0,41.0,0.0,780.0,86.0,0.0,34.0,25.0,90.0,275.0,411.0,81.0,26.0,98.0,242.0,368.0,835.0,36.0,105.0,479.0,428.0,622.0,195.0,344.0,740.0,510.0,305.0,36.0,233.0,0.0,547.0
2005-03-01,239.0,201.0,0.0,646.0,536.0,845.0,556.0,0.0,588.0,201.0,0.0,0.0,0.0,567.0,83.0,27.0,0.0,0.0,0.0,41.0,0.0,787.0,86.0,0.0,34.0,30.0,90.0,285.0,415.0,81.0,26.0,102.0,243.0,368.0,841.0,36.0,105.0,483.0,435.0,629.0,195.0,344.0,744.0,510.0,305.0,36.0,239.0,0.0,551.0
2005-04-01,239.0,202.0,0.0,652.0,543.0,855.0,563.0,0.0,588.0,201.0,0.0,0.0,0.0,572.0,83.0,35.0,0.0,0.0,0.0,41.0,0.0,794.0,86.0,0.0,34.0,34.0,90.0,288.0,418.0,81.0,26.0,104.0,244.0,368.0,848.0,36.0,105.0,492.0,439.0,636.0,195.0,344.0,749.0,510.0,305.0,36.0,246.0,0.0,558.0
2005-05-01,239.0,202.0,0.0,659.0,548.0,862.0,566.0,0.0,588.0,201.0,0.0,0.0,0.0,579.0,83.0,42.0,0.0,0.0,0.0,41.0,0.0,798.0,86.0,0.0,34.0,35.0,90.0,293.0,422.0,81.0,26.0,108.0,256.0,368.0,863.0,36.0,105.0,495.0,448.0,645.0,195.0,344.0,756.0,510.0,305.0,36.0,251.0,0.0,565.0
2005-06-01,239.0,206.0,0.0,662.0,550.0,871.0,577.0,0.0,588.0,201.0,0.0,0.0,0.0,587.0,83.0,47.0,0.0,0.0,0.0,41.0,0.0,803.0,86.0,0.0,34.0,37.0,90.0,305.0,433.0,81.0,26.0,113.0,259.0,368.0,871.0,36.0,105.0,502.0,453.0,647.0,195.0,344.0,761.0,510.0,305.0,36.0,264.0,0.0,569.0
2005-09-01,240.0,206.0,0.0,665.0,551.0,872.0,577.0,0.0,591.0,201.0,0.0,0.0,0.0,587.0,83.0,50.0,0.0,0.0,0.0,41.0,0.0,806.0,86.0,0.0,34.0,37.0,90.0,305.0,433.0,81.0,26.0,113.0,262.0,368.0,874.0,36.0,105.0,502.0,456.0,647.0,195.0,344.0,764.0,510.0,305.0,36.0,264.0,0.0,570.0
2005-10-01,241.0,206.0,0.0,667.0,554.0,879.0,582.0,5.0,600.0,201.0,0.0,0.0,0.0,593.0,83.0,58.0,0.0,0.0,0.0,41.0,0.0,812.0,86.0,0.0,34.0,37.0,90.0,312.0,437.0,81.0,26.0,113.0,268.0,368.0,880.0,36.0,105.0,509.0,458.0,653.0,195.0,344.0,770.0,510.0,305.0,36.0,269.0,0.0,576.0
2005-11-01,247.0,206.0,0.0,668.0,564.0,890.0,586.0,13.0,605.0,201.0,0.0,0.0,0.0,595.0,83.0,64.0,0.0,0.0,0.0,41.0,0.0,819.0,86.0,0.0,34.0,37.0,90.0,316.0,442.0,81.0,26.0,113.0,280.0,368.0,889.0,36.0,105.0,512.0,469.0,663.0,195.0,344.0,777.0,510.0,305.0,36.0,280.0,0.0,579.0
2005-12-01,250.0,206.0,0.0,672.0,566.0,899.0,588.0,14.0,611.0,201.0,0.0,0.0,0.0,600.0,83.0,68.0,0.0,0.0,0.0,41.0,0.0,823.0,86.0,0.0,34.0,37.0,90.0,320.0,445.0,81.0,26.0,113.0,287.0,368.0,893.0,36.0,105.0,513.0,476.0,664.0,195.0,344.0,783.0,510.0,305.0,36.0,287.0,0.0,580.0
2006-01-01,251.0,206.0,0.0,677.0,569.0,911.0,592.0,14.0,614.0,201.0,0.0,0.0,0.0,605.0,83.0,71.0,0.0,0.0,0.0,41.0,0.0,832.0,86.0,0.0,34.0,37.0,90.0,322.0,449.0,81.0,26.0,113.0,297.0,368.0,900.0,36.0,105.0,521.0,479.0,668.0,195.0,344.0,793.0,510.0,305.0,36.0,294.0,0.0,590.0
2006-02-01,257.0,206.0,0.0,681.0,576.0,923.0,599.0,21.0,621.0,201.0,0.0,0.0,0.0,611.0,83.0,75.0,0.0,0.0,0.0,41.0,0.0,836.0,86.0,0.0,34.0,37.0,90.0,322.0,451.0,81.0,26.0,113.0,298.0,368.0,910.0,36.0,105.0,526.0,488.0,669.0,195.0,344.0,801.0,510.0,305.0,36.0,298.0,0.0,597.0
2006-03-01,262.0,206.0,0.0,685.0,588.0,929.0,602.0,22.0,630.0,201.0,0.0,0.0,0.0,614.0,83.0,78.0,0.0,0.0,0.0,41.0,0.0,843.0,86.0,0.0,34.0,37.0,90.0,325.0,458.0,81.0,26.0,113.0,305.0,368.0,919.0,36.0,105.0,530.0,494.0,672.0,195.0,344.0,811.0,510.0,305.0,36.0,303.0,0.0,602.0
2006-04-01,270.0,206.0,0.0,695.0,593.0,939.0,610.0,27.0,636.0,201.0,0.0,0.0,0.0,619.0,83.0,87.0,0.0,0.0,0.0,41.0,0.0,849.0,86.0,0.0,34.0,37.0,90.0,328.0,464.0,81.0,26.0,113.0,314.0,368.0,928.0,36.0,105.0,535.0,504.0,675.0,195.0,344.0,814.0,510.0,305.0,36.0,309.0,0.0,610.0
2006-05-01,272.0,206.0,0.0,698.0,600.0,947.0,615.0,32.0,648.0,201.0,0.0,0.0,0.0,625.0,83.0,98.0,0.0,0.0,0.0,41.0,0.0,855.0,86.0,0.0,34.0,37.0,90.0,329.0,470.0,81.0,26.0,113.0,321.0,368.0,937.0,36.0,105.0,539.0,509.0,685.0,195.0,344.0,829.0,510.0,305.0,36.0,314.0,0.0,612.0
2006-06-01,278.0,206.0,0.0,707.0,602.0,953.0,619.0,36.0,652.0,201.0,0.0,0.0,0.0,628.0,83.0,101.0,0.0,0.0,0.0,41.0,0.0,858.0,86.0,0.0,34.0,37.0,90.0,329.0,476.0,81.0,26.0,113.0,327.0,368.0,941.0,36.0,105.0,542.0,521.0,687.0,195.0,344.0,830.0,510.0,305.0,36.0,321.0,0.0,615.0
2006-09-01,278.0,206.0,0.0,708.0,605.0,956.0,619.0,36.0,652.0,201.0,0.0,0.0,0.0,628.0,83.0,104.0,3.0,0.0,0.0,41.0,0.0,861.0,86.0,0.0,34.0,37.0,90.0,329.0,477.0,81.0,26.0,113.0,327.0,368.0,942.0,37.0,105.0,542.0,524.0,688.0,195.0,344.0,833.0,510.0,305.0,36.0,322.0,0.0,615.0
2006-10-01,278.0,206.0,0.0,709.0,611.0,966.0,622.0,36.0,655.0,201.0,0.0,0.0,0.0,631.0,83.0,108.0,4.0,0.0,0.0,41.0,0.0,865.0,86.0,0.0,34.0,43.0,90.0,329.0,481.0,81.0,26.0,113.0,333.0,368.0,951.0,43.0,105.0,543.0,530.0,688.0,195.0,344.0,840.0,510.0,305.0,36.0,325.0,0.0,621.0
2006-11-01,278.0,206.0,0.0,713.0,615.0,972.0,623.0,36.0,662.0,201.0,0.0,0.0,0.0,635.0,83.0,117.0,4.0,0.0,0.0,41.0,0.0,872.0,86.0,0.0,34.0,46.0,90.0,329.0,488.0,81.0,26.0,113.0,335.0,368.0,958.0,46.0,105.0,551.0,539.0,689.0,195.0,344.0,846.0,510.0,305.0,36.0,333.0,0.0,631.0
2006-12-01,278.0,206.0,0.0,715.0,623.0,982.0,628.0,36.0,669.0,201.0,0.0,0.0,0.0,641.0,83.0,121.0,5.0,0.0,0.0,41.0,0.0,874.0,86.0,0.0,34.0,50.0,90.0,329.0,492.0,81.0,26.0,113.0,338.0,368.0,967.0,55.0,105.0,556.0,549.0,692.0,195.0,344.0,848.0,510.0,305.0,36.0,339.0,0.0,638.0
2007-01-01,278.0,206.0,0.0,722.0,630.0,987.0,632.0,36.0,673.0,201.0,0.0,0.0,0.0,650.0,83.0,123.0,8.0,0.0,0.0,41.0,0.0,875.0,86.0,0.0,34.0,52.0,90.0,329.0,493.0,81.0,26.0,113.0,350.0,368.0,973.0,61.0,105.0,563.0,558.0,697.0,195.0,344.0,857.0,510.0,305.0,36.0,343.0,0.0,642.0
2007-02-01,278.0,206.0,0.0,729.0,638.0,995.0,640.0,36.0,673.0,201.0,0.0,0.0,0.0,654.0,83.0,133.0,12.0,0.0,0.0,41.0,0.0,881.0,86.0,0.0,34.0,56.0,90.0,329.0,499.0,81.0,26.0,113.0,353.0,368.0,979.0,66.0,105.0,568.0,562.0,700.0,195.0,344.0,866.0,510.0,305.0,36.0,350.0,0.0,647.0
2007-03-01,278.0,206.0,0.0,732.0,642.0,1002.0,646.0,36.0,678.0,201.0,0.0,0.0,0.0,663.0,83.0,137.0,14.0,0.0,0.0,41.0,0.0,891.0,86.0,0.0,34.0,64.0,90.0,329.0,502.0,81.0,26.0,113.0,357.0,368.0,984.0,73.0,105.0,575.0,568.0,701.0,195.0,344.0,873.0,510.0,305.0,36.0,353.0,0.0,654.0
2007-04-01,278.0,206.0,0.0,733.0,645.0,1009.0,651.0,36.0,679.0,201.0,0.0,0.0,0.0,666.0,83.0,139.0,20.0,0.0,0.0,41.0,0.0,894.0,86.0,0.0,34.0,65.0,90.0,329.0,508.0,81.0,26.0,113.0,361.0,368.0,989.0,77.0,105.0,582.0,574.0,708.0,195.0,344.0,880.0,510.0,305.0,36.0,359.0,0.0,661.0
2007-05-01,278.0,206.0,0.0,739.0,653.0,1015.0,654.0,36.0,682.0,201.0,0.0,0.0,0.0,670.0,83.0,147.0,24.0,0.0,0.0,41.0,0.0,901.0,86.0,0.0,34.0,67.0,90.0,329.0,518.0,81.0,26.0,113.0,364.0,368.0,1001.0,85.0,105.0,590.0,582.0,714.0,195.0,344.0,886.0,510.0,305.0,36.0,365.0,0.0,669.0
2007-06-01,278.0,206.0,0.0,744.0,659.0,1025.0,656.0,36.0,685.0,201.0,0.0,0.0,0.0,676.0,83.0,153.0,25.0,0.0,0.0,41.0,0.0,902.0,86.0,0.0,34.0,76.0,90.0,329.0,524.0,81.0,26.0,113.0,370.0,368.0,1013.0,86.0,105.0,591.0,591.0,720.0,195.0,344.0,895.0,510.0,305.0,36.0,377.0,0.0,673.0
2007-07-01,278.0,206.0,0.0,747.0,662.0,1029.0,659.0,36.0,691.0,201.0,0.0,0.0,0.0,677.0,83.0,153.0,28.0,0.0,0.0,41.0,0.0,905.0,86.0,0.0,34.0,79.0,90.0,329.0,525.0,81.0,26.0,113.0,373.0,368.0,1017.0,90.0,105.0,592.0,592.0,722.0,195.0,344.0,896.0,510.0,305.0,36.0,383.0,0.0,675.0
2007-09-01,278.0,206.0,3.0,748.0,662.0,1030.0,660.0,36.0,691.0,201.0,0.0,0.0,0.0,677.0,83.0,153.0,28.0,0.0,0.0,41.0,0.0,905.0,86.0,0.0,34.0,79.0,90.0,329.0,528.0,81.0,29.0,113.0,374.0,368.0,1020.0,91.0,105.0,593.0,595.0,722.0,195.0,344.0,896.0,513.0,305.0,36.0,386.0,0.0,675.0
2007-10-01,278.0,206.0,7.0,752.0,673.0,1043.0,664.0,36.0,691.0,201.0,0.0,0.0,0.0,687.0,83.0,155.0,28.0,0.0,0.0,41.0,0.0,910.0,86.0,0.0,34.0,80.0,90.0,329.0,533.0,81.0,34.0,113.0,378.0,368.0,1033.0,98.0,105.0,600.0,598.0,722.0,195.0,344.0,911.0,515.0,305.0,36.0,398.0,0.0,683.0
2007-11-01,278.0,206.0,11.0,757.0,682.0,1049.0,667.0,36.0,691.0,201.0,0.0,0.0,0.0,694.0,83.0,161.0,28.0,0.0,0.0,41.0,0.0,914.0,86.0,0.0,34.0,80.0,90.0,329.0,541.0,81.0,38.0,113.0,385.0,368.0,1042.0,99.0,105.0,608.0,604.0,722.0,195.0,344.0,914.0,516.0,305.0,36.0,404.0,0.0,692.0
2007-12-01,278.0,206.0,13.0,761.0,686.0,1056.0,670.0,36.0,691.0,201.0,0.0,0.0,0.0,702.0,83.0,168.0,28.0,0.0,0.0,41.0,0.0,918.0,86.0,0.0,34.0,86.0,90.0,329.0,544.0,81.0,40.0,113.0,385.0,368.0,1046.0,102.0,105.0,615.0,607.0,722.0,195.0,344.0,920.0,523.0,305.0,36.0,411.0,0.0,693.0
2008-01-01,278.0,206.0,19.0,766.0,693.0,1063.0,677.0,36.0,691.0,201.0,0.0,0.0,0.0,710.0,83.0,174.0,28.0,0.0,0.0,41.0,0.0,922.0,86.0,0.0,34.0,86.0,90.0,329.0,546.0,81.0,45.0,113.0,393.0,368.0,1058.0,110.0,105.0,618.0,615.0,722.0,195.0,344.0,922.0,528.0,305.0,36.0,415.0,0.0,696.0
2008-02-01,278.0,206.0,29.0,770.0,699.0,1073.0,684.0,36.0,691.0,201.0,0.0,0.0,0.0,713.0,83.0,180.0,28.0,0.0,0.0,41.0,0.0,925.0,86.0,0.0,34.0,91.0,90.0,329.0,551.0,81.0,48.0,113.0,396.0,368.0,1070.0,112.0,105.0,625.0,621.0,722.0,195.0,344.0,923.0,537.0,305.0,36.0,421.0,0.0,701.0
2008-03-01,278.0,206.0,36.0,776.0,703.0,1083.0,688.0,36.0,691.0,201.0,0.0,0.0,0.0,716.0,83.0,185.0,28.0,0.0,0.0,41.0,0.0,932.0,86.0,0.0,34.0,95.0,90.0,329.0,555.0,81.0,49.0,113.0,402.0,368.0,1073.0,119.0,105.0,630.0,631.0,722.0,195.0,344.0,931.0,541.0,305.0,36.0,429.0,0.0,704.0
2008-04-01,278.0,206.0,42.0,787.0,712.0,1087.0,697.0,36.0,691.0,201.0,0.0,0.0,0.0,722.0,83.0,192.0,28.0,0.0,0.0,41.0,0.0,942.0,86.0,0.0,34.0,98.0,90.0,329.0,565.0,81.0,52.0,113.0,410.0,368.0,1082.0,123.0,105.0,642.0,637.0,722.0,195.0,344.0,935.0,545.0,305.0,36.0,442.0,0.0,708.0
2008-05-01,278.0,206.0,48.0,793.0,717.0,1090.0,703.0,36.0,691.0,201.0,0.0,0.0,0.0,724.0,83.0,195.0,28.0,0.0,0.0,41.0,0.0,954.0,86.0,0.0,34.0,104.0,90.0,329.0,572.0,81.0,56.0,113.0,413.0,368.0,1092.0,130.0,105.0,645.0,644.0,722.0,195.0,344.0,938.0,552.0,305.0,36.0,448.0,0.0,713.0
2008-06-01,278.0,206.0,52.0,797.0,726.0,1096.0,706.0,36.0,691.0,201.0,0.0,0.0,0.0,725.0,83.0,200.0,28.0,0.0,0.0,41.0,0.0,957.0,86.0,0.0,34.0,105.0,90.0,329.0,584.0,81.0,56.0,113.0,416.0,368.0,1102.0,134.0,105.0,652.0,656.0,722.0,195.0,344.0,947.0,555.0,305.0,36.0,460.0,0.0,717.0
2008-09-01,278.0,206.0,55.0,797.0,729.0,1096.0,706.0,36.0,691.0,201.0,0.0,0.0,0.0,728.0,83.0,203.0,28.0,0.0,0.0,41.0,0.0,960.0,86.0,0.0,34.0,105.0,90.0,329.0,584.0,81.0,56.0,116.0,417.0,368.0,1102.0,137.0,105.0,653.0,657.0,722.0,195.0,344.0,950.0,555.0,305.0,36.0,461.0,0.0,717.0
2008-10-01,278.0,206.0,62.0,802.0,735.0,1106.0,708.0,36.0,691.0,201.0,0.0,0.0,0.0,732.0,83.0,208.0,28.0,0.0,0.0,41.0,0.0,962.0,86.0,0.0,34.0,105.0,90.0,333.0,592.0,81.0,56.0,117.0,420.0,368.0,1114.0,138.0,105.0,654.0,667.0,722.0,195.0,344.0,960.0,561.0,305.0,36.0,473.0,0.0,717.0
2008-11-01,278.0,206.0,63.0,802.0,736.0,1115.0,714.0,36.0,691.0,201.0,0.0,0.0,0.0,734.0,83.0,212.0,28.0,0.0,0.0,41.0,0.0,966.0,86.0,0.0,34.0,105.0,90.0,342.0,595.0,81.0,56.0,120.0,420.0,368.0,1121.0,140.0,105.0,658.0,673.0,722.0,204.0,344.0,967.0,562.0,305.0,36.0,478.0,0.0,717.0
2008-12-01,278.0,206.0,67.0,809.0,747.0,1128.0,723.0,36.0,691.0,201.0,0.0,0.0,0.0,737.0,83.0,217.0,28.0,0.0,0.0,41.0,0.0,978.0,86.0,0.0,34.0,105.0,90.0,347.0,597.0,81.0,56.0,124.0,424.0,368.0,1128.0,141.0,105.0,667.0,680.0,722.0,213.0,344.0,974.0,574.0,305.0,36.0,488.0,0.0,717.0
2009-01-01,278.0,206.0,68.0,816.0,756.0,1137.0,724.0,36.0,691.0,201.0,0.0,0.0,0.0,738.0,83.0,221.0,28.0,0.0,0.0,41.0,0.0,984.0,86.0,0.0,34.0,105.0,90.0,351.0,598.0,81.0,56.0,130.0,428.0,368.0,1131.0,147.0,105.0,670.0,687.0,722.0,216.0,344.0,977.0,578.0,305.0,36.0,489.0,0.0,717.0
2009-02-01,278.0,206.0,76.0,826.0,758.0,1149.0,727.0,36.0,691.0,201.0,0.0,0.0,0.0,741.0,83.0,224.0,28.0,0.0,0.0,41.0,0.0,987.0,86.0,0.0,34.0,105.0,90.0,361.0,601.0,81.0,56.0,133.0,430.0,368.0,1146.0,157.0,105.0,680.0,694.0,722.0,219.0,344.0,981.0,579.0,305.0,36.0,494.0,0.0,717.0
2009-03-01,278.0,206.0,80.0,828.0,762.0,1156.0,732.0,36.0,691.0,201.0,0.0,0.0,0.0,746.0,83.0,228.0,28.0,0.0,0.0,41.0,0.0,993.0,86.0,0.0,34.0,105.0,90.0,368.0,608.0,81.0,56.0,133.0,440.0,368.0,1158.0,160.0,105.0,681.0,703.0,722.0,222.0,344.0,986.0,585.0,305.0,36.0,501.0,0.0,717.0
2009-04-01,278.0,206.0,83.0,828.0,769.0,1165.0,736.0,36.0,691.0,201.0,0.0,0.0,0.0,747.0,83.0,231.0,28.0,0.0,0.0,41.0,0.0,1000.0,86.0,0.0,34.0,105.0,90.0,372.0,616.0,81.0,56.0,139.0,445.0,368.0,1165.0,164.0,105.0,685.0,710.0,722.0,228.0,344.0,990.0,594.0,305.0,36.0,508.0,0.0,717.0
2009-05-01,278.0,206.0,92.0,837.0,778.0,1178.0,743.0,36.0,691.0,201.0,0.0,0.0,0.0,760.0,83.0,234.0,28.0,0.0,0.0,41.0,0.0,1007.0,86.0,0.0,34.0,105.0,90.0,380.0,626.0,81.0,56.0,141.0,452.0,368.0,1180.0,164.0,105.0,691.0,713.0,722.0,228.0,344.0,1003.0,596.0,305.0,36.0,515.0,0.0,717.0
2009-06-01,278.0,206.0,98.0,841.0,793.0,1183.0,748.0,36.0,691.0,201.0,0.0,0.0,0.0,772.0,83.0,242.0,28.0,0.0,0.0,41.0,0.0,1015.0,86.0,0.0,34.0,105.0,90.0,384.0,635.0,81.0,56.0,148.0,459.0,368.0,1180.0,167.0,105.0,698.0,726.0,722.0,238.0,344.0,1009.0,598.0,305.0,36.0,525.0,0.0,717.0
2009-09-01,278.0,206.0,99.0,844.0,793.0,1186.0,748.0,36.0,691.0,201.0,0.0,0.0,0.0,772.0,83.0,245.0,28.0,0.0,0.0,41.0,0.0,1015.0,86.0,0.0,34.0,105.0,90.0,387.0,638.0,81.0,56.0,148.0,460.0,368.0,1183.0,167.0,105.0,698.0,726.0,722.0,238.0,344.0,1012.0,599.0,305.0,36.0,526.0,0.0,720.0
2009-10-01,278.0,206.0,104.0,850.0,796.0,1198.0,748.0,36.0,691.0,201.0,0.0,0.0,0.0,779.0,83.0,248.0,28.0,0.0,0.0,41.0,0.0,1024.0,86.0,0.0,34.0,105.0,90.0,387.0,645.0,81.0,56.0,148.0,466.0,368.0,1195.0,167.0,105.0,703.0,738.0,722.0,243.0,350.0,1017.0,602.0,305.0,36.0,527.0,1.0,724.0
2009-11-01,278.0,206.0,107.0,854.0,800.0,1206.0,748.0,36.0,691.0,201.0,0.0,0.0,0.0,784.0,83.0,254.0,28.0,0.0,0.0,41.0,0.0,1030.0,86.0,0.0,34.0,105.0,90.0,388.0,649.0,81.0,56.0,148.0,471.0,368.0,1202.0,167.0,105.0,705.0,745.0,722.0,250.0,353.0,1024.0,606.0,305.0,36.0,531.0,5.0,725.0
2009-12-01,278.0,206.0,110.0,861.0,803.0,1213.0,748.0,36.0,691.0,201.0,0.0,0.0,0.0,785.0,83.0,260.0,28.0,0.0,0.0,41.0,0.0,1040.0,86.0,0.0,34.0,105.0,90.0,391.0,656.0,81.0,56.0,148.0,474.0,368.0,1208.0,167.0,105.0,705.0,752.0,722.0,258.0,355.0,1034.0,609.0,305.0,36.0,537.0,7.0,729.0
2010-01-01,278.0,206.0,111.0,867.0,807.0,1222.0,748.0,36.0,691.0,201.0,0.0,0.0,0.0,788.0,83.0,266.0,28.0,0.0,0.0,41.0,0.0,1042.0,86.0,0.0,34.0,105.0,90.0,396.0,662.0,81.0,56.0,148.0,475.0,368.0,1217.0,167.0,105.0,711.0,756.0,722.0,258.0,359.0,1038.0,614.0,305.0,36.0,546.0,7.0,729.0
2010-02-01,278.0,206.0,117.0,871.0,816.0,1235.0,748.0,36.0,691.0,201.0,0.0,0.0,0.0,795.0,83.0,273.0,28.0,0.0,0.0,41.0,0.0,1049.0,86.0,0.0,34.0,105.0,90.0,404.0,669.0,81.0,56.0,148.0,485.0,368.0,1227.0,167.0,105.0,722.0,762.0,722.0,262.0,361.0,1048.0,616.0,305.0,36.0,551.0,11.0,734.0
2010-03-01,278.0,206.0,127.0,878.0,823.0,1244.0,748.0,36.0,691.0,201.0,0.0,0.0,0.0,799.0,83.0,274.0,28.0,0.0,0.0,41.0,0.0,1053.0,86.0,0.0,34.0,105.0,90.0,411.0,675.0,81.0,56.0,148.0,489.0,368.0,1239.0,167.0,105.0,723.0,769.0,722.0,269.0,364.0,1055.0,618.0,305.0,36.0,557.0,12.0,741.0
2010-04-01,278.0,206.0,134.0,886.0,830.0,1257.0,748.0,36.0,691.0,201.0,0.0,0.0,0.0,805.0,83.0,282.0,28.0,0.0,0.0,41.0,0.0,1057.0,86.0,0.0,34.0,105.0,90.0,415.0,682.0,81.0,56.0,148.0,493.0,368.0,1254.0,167.0,105.0,729.0,771.0,722.0,274.0,369.0,1062.0,622.0,305.0,36.0,565.0,22.0,746.0
2010-05-01,278.0,206.0,136.0,891.0,836.0,1270.0,748.0,36.0,691.0,201.0,0.0,0.0,0.0,813.0,83.0,292.0,28.0,0.0,0.0,41.0,0.0,1059.0,86.0,0.0,34.0,105.0,90.0,418.0,691.0,81.0,56.0,148.0,498.0,368.0,1266.0,167.0,105.0,734.0,780.0,722.0,275.0,376.0,1071.0,630.0,305.0,36.0,577.0,27.0,751.0
2010-06-01,278.0,206.0,140.0,895.0,840.0,1282.0,748.0,36.0,691.0,201.0,0.0,0.0,0.0,816.0,83.0,300.0,28.0,0.0,0.0,41.0,0.0,1062.0,86.0,0.0,34.0,105.0,90.0,421.0,697.0,81.0,56.0,148.0,502.0,368.0,1276.0,167.0,105.0,737.0,789.0,722.0,278.0,380.0,1080.0,634.0,305.0,36.0,581.0,34.0,758.0
2010-09-01,278.0,206.0,141.0,898.0,843.0,1285.0,748.0,36.0,691.0,201.0,0.0,0.0,0.0,819.0,83.0,300.0,28.0,0.0,0.0,41.0,0.0,1063.0,86.0,0.0,34.0,105.0,90.0,421.0,698.0,81.0,56.0,148.0,503.0,368.0,1277.0,167.0,105.0,737.0,792.0,725.0,278.0,380.0,1083.0,634.0,305.0,36.0,581.0,34.0,759.0
2010-10-01,278.0,206.0,145.0,902.0,850.0,1294.0,748.0,36.0,691.0,201.0,0.0,0.0,0.0,825.0,83.0,307.0,28.0,0.0,0.0,48.0,0.0,1065.0,86.0,0.0,34.0,109.0,90.0,427.0,704.0,81.0,56.0,148.0,506.0,368.0,1287.0,167.0,105.0,741.0,797.0,726.0,282.0,380.0,1093.0,634.0,305.0,36.0,593.0,34.0,760.0
2010-11-01,278.0,206.0,148.0,908.0,854.0,1304.0,748.0,36.0,691.0,201.0,0.0,0.0,0.0,831.0,83.0,313.0,28.0,0.0,0.0,50.0,0.0,1069.0,86.0,0.0,34.0,113.0,90.0,428.0,708.0,81.0,56.0,148.0,511.0,368.0,1299.0,167.0,105.0,747.0,803.0,735.0,287.0,380.0,1097.0,634.0,305.0,36.0,601.0,34.0,762.0
2010-12-01,278.0,206.0,149.0,914.0,860.0,1316.0,748.0,36.0,691.0,201.0,0.0,0.0,0.0,841.0,83.0,317.0,28.0,0.0,0.0,56.0,0.0,1076.0,86.0,0.0,34.0,116.0,90.0,431.0,718.0,81.0,56.0,148.0,517.0,368.0,1308.0,167.0,105.0,751.0,809.0,741.0,288.0,380.0,1104.0,634.0,305.0,36.0,608.0,34.0,766.0
2011-01-01,278.0,206.0,153.0,920.0,866.0,1325.0,748.0,36.0,691.0,201.0,0.0,0.0,0.0,844.0,83.0,326.0,28.0,0.0,0.0,60.0,0.0,1080.0,86.0,0.0,34.0,120.0,90.0,434.0,718.0,81.0,56.0,148.0,519.0,368.0,1317.0,167.0,105.0,755.0,809.0,744.0,290.0,380.0,1108.0,634.0,305.0,36.0,614.0,34.0,768.0
2011-02-01,278.0,206.0,157.0,930.0,870.0,1340.0,748.0,36.0,691.0,201.0,0.0,0.0,0.0,853.0,83.0,327.0,28.0,0.0,0.0,63.0,0.0,1084.0,86.0,0.0,34.0,123.0,90.0,438.0,724.0,81.0,56.0,148.0,523.0,368.0,1327.0,167.0,105.0,758.0,819.0,750.0,300.0,380.0,1121.0,634.0,305.0,36.0,626.0,34.0,780.0
2011-03-01,278.0,206.0,161.0,933.0,874.0,1350.0,748.0,36.0,691.0,201.0,0.0,0.0,0.0,856.0,83.0,332.0,28.0,0.0,0.0,67.0,0.0,1089.0,86.0,0.0,34.0,132.0,90.0,444.0,728.0,81.0,56.0,148.0,527.0,368.0,1337.0,167.0,105.0,766.0,824.0,756.0,303.0,380.0,1131.0,634.0,305.0,36.0,628.0,34.0,782.0
2011-04-01,278.0,206.0,166.0,937.0,879.0,1360.0,748.0,36.0,691.0,201.0,0.0,0.0,0.0,859.0,83.0,334.0,28.0,0.0,0.0,67.0,0.0,1093.0,86.0,0.0,34.0,140.0,90.0,450.0,735.0,81.0,56.0,148.0,537.0,368.0,1349.0,167.0,105.0,770.0,831.0,757.0,310.0,380.0,1134.0,634.0,305.0,36.0,635.0,34.0,788.0
2011-05-01,278.0,206.0,166.0,946.0,892.0,1370.0,748.0,36.0,691.0,201.0,0.0,0.0,0.0,861.0,83.0,337.0,28.0,0.0,0.0,74.0,0.0,1100.0,86.0,0.0,34.0,147.0,90.0,457.0,739.0,81.0,56.0,148.0,537.0,368.0,1356.0,167.0,105.0,774.0,838.0,763.0,319.0,380.0,1143.0,634.0,305.0,36.0,638.0,34.0,797.0
2011-06-01,278.0,206.0,170.0,953.0,898.0,1378.0,748.0,36.0,691.0,201.0,0.0,0.0,0.0,865.0,83.0,344.0,28.0,0.0,0.0,76.0,0.0,1105.0,86.0,0.0,34.0,150.0,90.0,467.0,741.0,81.0,56.0,148.0,549.0,368.0,1368.0,167.0,105.0,783.0,847.0,767.0,325.0,380.0,1151.0,634.0,305.0,36.0,643.0,34.0,803.0
2011-09-01,278.0,206.0,170.0,954.0,899.0,1381.0,751.0,36.0,691.0,201.0,0.0,0.0,0.0,865.0,83.0,345.0,28.0,0.0,0.0,76.0,0.0,1105.0,86.0,0.0,34.0,151.0,90.0,467.0,744.0,81.0,56.0,148.0,550.0,368.0,1371.0,167.0,105.0,783.0,850.0,770.0,325.0,380.0,1154.0,634.0,306.0,36.0,643.0,34.0,803.0
2011-10-01,278.0,206.0,170.0,955.0,905.0,1389.0,760.0,36.0,691.0,201.0,0.0,0.0,0.0,871.0,83.0,348.0,28.0,0.0,4.0,76.0,0.0,1105.0,86.0,0.0,34.0,161.0,90.0,477.0,747.0,81.0,56.0,148.0,555.0,368.0,1378.0,167.0,105.0,786.0,858.0,774.0,326.0,380.0,1161.0,634.0,310.0,36.0,648.0,34.0,808.0
2011-11-01,278.0,206.0,170.0,966.0,911.0,1402.0,760.0,36.0,691.0,201.0,0.0,0.0,0.0,880.0,83.0,351.0,28.0,0.0,8.0,76.0,0.0,1105.0,86.0,0.0,34.0,173.0,90.0,483.0,750.0,81.0,56.0,148.0,563.0,368.0,1393.0,167.0,105.0,791.0,864.0,775.0,333.0,380.0,1172.0,634.0,317.0,36.0,653.0,34.0,812.0
2011-12-01,278.0,206.0,170.0,970.0,914.0,1409.0,761.0,36.0,691.0,201.0,0.0,0.0,0.0,882.0,83.0,357.0,28.0,0.0,12.0,76.0,0.0,1105.0,86.0,0.0,34.0,176.0,90.0,490.0,754.0,81.0,56.0,148.0,567.0,368.0,1402.0,167.0,105.0,792.0,868.0,779.0,337.0,380.0,1178.0,634.0,321.0,36.0,657.0,34.0,813.0
2012-01-01,278.0,206.0,170.0,975.0,917.0,1415.0,767.0,36.0,691.0,201.0,0.0,0.0,0.0,888.0,83.0,363.0,28.0,0.0,19.0,76.0,0.0,1105.0,86.0,0.0,34.0,179.0,90.0,491.0,759.0,81.0,56.0,148.0,574.0,368.0,1408.0,167.0,105.0,797.0,871.0,784.0,340.0,380.0,1184.0,634.0,321.0,36.0,658.0,34.0,813.0
2012-02-01,278.0,206.0,170.0,982.0,927.0,1423.0,771.0,36.0,691.0,201.0,0.0,0.0,0.0,896.0,83.0,371.0,28.0,0.0,22.0,76.0,0.0,1105.0,86.0,0.0,34.0,181.0,90.0,495.0,763.0,81.0,56.0,148.0,576.0,368.0,1420.0,167.0,105.0,804.0,873.0,791.0,343.0,380.0,1187.0,634.0,327.0,36.0,663.0,34.0,815.0
2012-03-01,278.0,206.0,170.0,987.0,930.0,1432.0,778.0,36.0,691.0,201.0,0.0,0.0,0.0,898.0,83.0,373.0,28.0,0.0,28.0,76.0,0.0,1105.0,86.0,0.0,34.0,185.0,90.0,501.0,769.0,81.0,56.0,148.0,583.0,368.0,1432.0,167.0,105.0,807.0,879.0,797.0,346.0,380.0,1191.0,634.0,336.0,36.0,670.0,34.0,818.0
2012-04-01,278.0,206.0,170.0,991.0,937.0,1450.0,783.0,36.0,691.0,201.0,0.0,0.0,0.0,905.0,83.0,383.0,28.0,0.0,34.0,76.0,0.0,1105.0,86.0,0.0,34.0,194.0,90.0,514.0,777.0,81.0,56.0,148.0,592.0,368.0,1446.0,167.0,105.0,808.0,886.0,800.0,350.0,380.0,1198.0,634.0,342.0,36.0,674.0,34.0,831.0
2012-05-01,278.0,206.0,170.0,1001.0,947.0,1462.0,791.0,36.0,691.0,201.0,0.0,0.0,0.0,910.0,83.0,389.0,28.0,0.0,39.0,76.0,0.0,1105.0,86.0,0.0,34.0,202.0,90.0,522.0,787.0,81.0,56.0,148.0,597.0,368.0,1459.0,167.0,105.0,809.0,893.0,810.0,359.0,380.0,1206.0,634.0,345.0,36.0,681.0,34.0,837.0
2012-06-01,278.0,206.0,170.0,1002.0,954.0,1469.0,795.0,36.0,691.0,201.0,0.0,0.0,0.0,911.0,83.0,391.0,28.0,0.0,42.0,76.0,0.0,1105.0,86.0,0.0,34.0,205.0,90.0,525.0,793.0,81.0,56.0,148.0,603.0,368.0,1468.0,167.0,105.0,810.0,897.0,814.0,362.0,380.0,1212.0,634.0,348.0,36.0,684.0,34.0,846.0
2012-09-01,278.0,206.0,170.0,1002.0,958.0,1475.0,798.0,36.0,691.0,201.0,0.0,0.0,0.0,911.0,83.0,394.0,28.0,0.0,43.0,76.0,0.0,1109.0,86.0,0.0,34.0,206.0,90.0,529.0,797.0,81.0,56.0,148.0,603.0,368.0,1469.0,167.0,105.0,810.0,901.0,817.0,362.0,380.0,1214.0,640.0,354.0,36.0,684.0,34.0,849.0
2012-10-01,278.0,206.0,170.0,1007.0,970.0,1487.0,804.0,36.0,697.0,201.0,0.0,0.0,0.0,912.0,83.0,395.0,28.0,0.0,47.0,76.0,0.0,1111.0,86.0,0.0,34.0,212.0,90.0,539.0,804.0,81.0,56.0,148.0,607.0,368.0,1478.0,167.0,105.0,810.0,908.0,823.0,362.0,380.0,1220.0,643.0,355.0,36.0,684.0,34.0,852.0
2012-11-01,278.0,206.0,170.0,1010.0,979.0,1494.0,811.0,36.0,701.0,201.0,0.0,0.0,0.0,917.0,83.0,404.0,28.0,0.0,50.0,76.0,0.0,1112.0,86.0,0.0,34.0,221.0,90.0,543.0,804.0,81.0,56.0,148.0,608.0,368.0,1485.0,167.0,105.0,810.0,911.0,824.0,362.0,380.0,1223.0,645.0,358.0,36.0,684.0,34.0,858.0
2012-12-01,278.0,206.0,170.0,1017.0,988.0,1506.0,817.0,36.0,705.0,201.0,0.0,0.0,0.0,920.0,83.0,410.0,28.0,0.0,53.0,76.0,0.0,1116.0,86.0,0.0,34.0,225.0,90.0,547.0,805.0,81.0,56.0,148.0,616.0,368.0,1494.0,167.0,105.0,810.0,915.0,831.0,362.0,380.0,1230.0,652.0,367.0,36.0,684.0,34.0,861.0
2013-01-01,278.0,206.0,170.0,1023.0,994.0,1518.0,823.0,36.0,706.0,201.0,0.0,0.0,0.0,926.0,83.0,415.0,28.0,0.0,58.0,76.0,0.0,1117.0,86.0,0.0,34.0,232.0,90.0,556.0,809.0,81.0,56.0,148.0,617.0,368.0,1501.0,167.0,105.0,810.0,916.0,839.0,362.0,380.0,1236.0,656.0,373.0,36.0,684.0,34.0,868.0
2013-02-01,278.0,206.0,170.0,1027.0,1001.0,1527.0,830.0,36.0,711.0,201.0,0.0,0.0,0.0,933.0,83.0,417.0,28.0,0.0,62.0,76.0,0.0,1121.0,86.0,0.0,34.0,238.0,90.0,560.0,810.0,81.0,56.0,148.0,621.0,368.0,1511.0,167.0,105.0,810.0,923.0,844.0,362.0,380.0,1245.0,662.0,382.0,36.0,684.0,34.0,869.0
2013-03-01,278.0,206.0,170.0,1028.0,1010.0,1537.0,834.0,36.0,714.0,201.0,0.0,0.0,0.0,942.0,83.0,426.0,28.0,0.0,68.0,76.0,0.0,1121.0,86.0,0.0,34.0,239.0,90.0,567.0,811.0,81.0,56.0,148.0,631.0,368.0,1520.0,167.0,105.0,810.0,929.0,854.0,362.0,380.0,1253.0,667.0,385.0,36.0,684.0,34.0,871.0
2013-04-01,278.0,206.0,170.0,1034.0,1015.0,1544.0,838.0,36.0,715.0,201.0,0.0,0.0,0.0,947.0,83.0,433.0,28.0,0.0,70.0,76.0,0.0,1128.0,86.0,0.0,34.0,245.0,90.0,572.0,817.0,81.0,56.0,148.0,634.0,368.0,1530.0,167.0,105.0,810.0,935.0,862.0,362.0,380.0,1258.0,669.0,389.0,36.0,684.0,34.0,873.0
2013-05-01,278.0,206.0,170.0,1039.0,1022.0,1554.0,844.0,36.0,721.0,201.0,0.0,0.0,0.0,954.0,83.0,435.0,28.0,0.0,74.0,76.0,0.0,1136.0,86.0,0.0,34.0,245.0,90.0,578.0,821.0,81.0,56.0,148.0,636.0,368.0,1542.0,167.0,105.0,810.0,940.0,872.0,362.0,380.0,1265.0,674.0,394.0,36.0,684.0,34.0,876.0
2013-06-01,278.0,206.0,170.0,1046.0,1027.0,1566.0,850.0,36.0,725.0,201.0,0.0,0.0,0.0,955.0,83.0,438.0,28.0,0.0,81.0,76.0,0.0,1140.0,86.0,0.0,34.0,250.0,90.0,582.0,826.0,81.0,56.0,148.0,642.0,368.0,1550.0,167.0,105.0,810.0,944.0,877.0,362.0,380.0,1277.0,677.0,400.0,36.0,684.0,34.0,880.0
2013-07-01,278.0,206.0,170.0,1047.0,1030.0,1569.0,851.0,36.0,728.0,201.0,0.0,0.0,0.0,955.0,83.0,438.0,28.0,0.0,84.0,76.0,0.0,1140.0,86.0,0.0,34.0,251.0,90.0,582.0,829.0,81.0,56.0,148.0,642.0,368.0,1553.0,167.0,105.0,810.0,947.0,880.0,362.0,380.0,1277.0,677.0,401.0,36.0,684.0,34.0,880.0
2013-09-01,278.0,206.0,172.0,1053.0,1036.0,1575.0,851.0,36.0,733.0,201.0,0.0,0.0,2.0,959.0,83.0,439.0,28.0,0.0,88.0,76.0,0.0,1140.0,86.0,0.0,34.0,255.0,90.0,582.0,829.0,81.0,56.0,148.0,642.0,368.0,1559.0,167.0,105.0,810.0,948.0,884.0,362.0,380.0,1280.0,680.0,404.0,36.0,693.0,34.0,880.0
2013-10-01,278.0,206.0,173.0,1059.0,1051.0,1590.0,859.0,36.0,734.0,201.0,0.0,0.0,6.0,966.0,83.0,448.0,28.0,0.0,92.0,76.0,0.0,1140.0,86.0,0.0,34.0,261.0,90.0,591.0,829.0,81.0,56.0,148.0,645.0,368.0,1569.0,167.0,105.0,810.0,953.0,887.0,362.0,380.0,1289.0,683.0,404.0,36.0,698.0,34.0,880.0
2013-11-01,278.0,206.0,176.0,1067.0,1060.0,1600.0,860.0,36.0,737.0,201.0,0.0,0.0,13.0,970.0,83.0,457.0,28.0,0.0,95.0,76.0,0.0,1140.0,86.0,0.0,34.0,268.0,90.0,592.0,829.0,81.0,56.0,148.0,652.0,368.0,1578.0,167.0,105.0,810.0,960.0,894.0,362.0,380.0,1290.0,688.0,410.0,36.0,704.0,34.0,880.0
2013-12-01,278.0,206.0,182.0,1073.0,1070.0,1609.0,860.0,36.0,743.0,201.0,0.0,0.0,17.0,973.0,83.0,461.0,28.0,0.0,101.0,76.0,0.0,1140.0,86.0,0.0,34.0,268.0,90.0,596.0,829.0,81.0,56.0,148.0,655.0,368.0,1590.0,167.0,105.0,810.0,966.0,903.0,362.0,380.0,1294.0,689.0,413.0,36.0,712.0,34.0,880.0
2014-01-01,278.0,206.0,186.0,1080.0,1076.0,1615.0,861.0,36.0,744.0,201.0,0.0,0.0,17.0,977.0,83.0,461.0,28.0,0.0,104.0,76.0,0.0,1140.0,86.0,0.0,34.0,271.0,90.0,602.0,829.0,81.0,56.0,148.0,657.0,368.0,1594.0,167.0,105.0,810.0,973.0,909.0,362.0,380.0,1297.0,692.0,414.0,36.0,712.0,34.0,880.0
2014-02-01,278.0,206.0,192.0,1089.0,1084.0,1623.0,862.0,36.0,753.0,201.0,0.0,0.0,21.0,981.0,83.0,462.0,28.0,0.0,108.0,76.0,0.0,1140.0,86.0,0.0,34.0,278.0,90.0,603.0,829.0,81.0,56.0,148.0,664.0,368.0,1606.0,167.0,105.0,810.0,978.0,916.0,362.0,380.0,1302.0,696.0,417.0,36.0,721.0,34.0,880.0
2014-03-01,278.0,206.0,196.0,1097.0,1090.0,1629.0,865.0,36.0,758.0,201.0,0.0,0.0,26.0,987.0,83.0,464.0,28.0,0.0,111.0,76.0,0.0,1140.0,86.0,0.0,34.0,284.0,90.0,607.0,829.0,81.0,56.0,148.0,671.0,368.0,1616.0,167.0,105.0,810.0,982.0,923.0,362.0,380.0,1312.0,699.0,421.0,36.0,727.0,34.0,880.0
2014-04-01,278.0,206.0,200.0,1103.0,1106.0,1644.0,873.0,36.0,764.0,201.0,0.0,0.0,32.0,995.0,83.0,469.0,28.0,0.0,118.0,76.0,0.0,1140.0,86.0,0.0,34.0,291.0,90.0,617.0,829.0,81.0,56.0,148.0,672.0,368.0,1626.0,167.0,105.0,810.0,997.0,930.0,362.0,380.0,1317.0,707.0,434.0,36.0,733.0,34.0,880.0
2014-05-01,278.0,206.0,203.0,1112.0,1118.0,1653.0,873.0,36.0,771.0,201.0,0.0,0.0,36.0,996.0,83.0,473.0,28.0,0.0,121.0,76.0,0.0,1140.0,86.0,0.0,34.0,293.0,90.0,623.0,829.0,81.0,56.0,148.0,677.0,368.0,1635.0,167.0,105.0,810.0,1006.0,937.0,362.0,380.0,1322.0,709.0,444.0,36.0,736.0,34.0,880.0
2014-06-01,278.0,206.0,210.0,1117.0,1120.0,1656.0,876.0,36.0,777.0,201.0,0.0,0.0,40.0,997.0,83.0,480.0,28.0,0.0,125.0,76.0,0.0,1140.0,86.0,0.0,34.0,299.0,90.0,627.0,829.0,81.0,56.0,148.0,681.0,368.0,1640.0,167.0,105.0,810.0,1010.0,939.0,362.0,380.0,1326.0,713.0,444.0,36.0,743.0,34.0,880.0
2014-09-01,278.0,206.0,211.0,1120.0,1124.0,1662.0,876.0,36.0,781.0,201.0,1.0,3.0,41.0,998.0,83.0,483.0,28.0,0.0,129.0,76.0,0.0,1141.0,86.0,0.0,34.0,299.0,90.0,630.0,829.0,81.0,56.0,148.0,681.0,368.0,1643.0,167.0,105.0,810.0,1014.0,942.0,362.0,380.0,1330.0,713.0,446.0,36.0,746.0,34.0,880.0
2014-10-01,278.0,206.0,218.0,1121.0,1134.0,1672.0,876.0,36.0,789.0,201.0,3.0,8.0,44.0,1003.0,83.0,486.0,28.0,0.0,133.0,76.0,0.0,1144.0,86.0,0.0,34.0,303.0,90.0,633.0,829.0,81.0,56.0,148.0,681.0,368.0,1652.0,167.0,105.0,810.0,1023.0,944.0,362.0,380.0,1340.0,713.0,452.0,36.0,751.0,34.0,880.0
2014-11-01,278.0,206.0,219.0,1125.0,1140.0,1678.0,876.0,36.0,793.0,201.0,5.0,10.0,45.0,1007.0,83.0,493.0,28.0,0.0,134.0,76.0,0.0,1148.0,86.0,0.0,34.0,304.0,90.0,642.0,829.0,81.0,56.0,148.0,681.0,368.0,1661.0,167.0,105.0,810.0,1032.0,945.0,362.0,380.0,1346.0,713.0,455.0,36.0,757.0,34.0,880.0
2014-12-01,278.0,206.0,220.0,1135.0,1149.0,1687.0,876.0,36.0,797.0,201.0,7.0,16.0,50.0,1011.0,83.0,494.0,28.0,0.0,136.0,76.0,0.0,1150.0,86.0,0.0,34.0,311.0,90.0,648.0,829.0,81.0,56.0,148.0,681.0,368.0,1673.0,167.0,105.0,810.0,1036.0,952.0,362.0,380.0,1350.0,713.0,458.0,36.0,764.0,34.0,880.0
2015-01-01,278.0,206.0,223.0,1136.0,1155.0,1694.0,876.0,36.0,797.0,201.0,11.0,20.0,50.0,1017.0,83.0,497.0,28.0,0.0,138.0,76.0,0.0,1153.0,86.0,0.0,34.0,314.0,90.0,657.0,829.0,81.0,56.0,148.0,681.0,368.0,1679.0,167.0,105.0,810.0,1040.0,954.0,362.0,380.0,1357.0,713.0,461.0,36.0,773.0,34.0,880.0
2015-02-01,278.0,206.0,226.0,1137.0,1167.0,1703.0,876.0,36.0,801.0,201.0,18.0,27.0,57.0,1023.0,83.0,500.0,28.0,0.0,143.0,76.0,0.0,1161.0,86.0,0.0,34.0,315.0,90.0,659.0,829.0,81.0,56.0,148.0,681.0,368.0,1691.0,167.0,105.0,810.0,1049.0,961.0,362.0,380.0,1367.0,713.0,467.0,36.0,781.0,34.0,880.0
2015-03-01,278.0,206.0,234.0,1144.0,1173.0,1715.0,876.0,36.0,808.0,201.0,18.0,27.0,63.0,1029.0,83.0,506.0,28.0,0.0,144.0,76.0,0.0,1165.0,86.0,0.0,34.0,321.0,90.0,668.0,829.0,81.0,56.0,148.0,681.0,368.0,1700.0,167.0,105.0,810.0,1055.0,966.0,362.0,380.0,1376.0,713.0,473.0,36.0,787.0,34.0,880.0
2015-04-01,278.0,206.0,235.0,1156.0,1179.0,1724.0,876.0,36.0,812.0,201.0,18.0,28.0,67.0,1031.0,83.0,509.0,28.0,0.0,148.0,76.0,0.0,1166.0,86.0,0.0,34.0,324.0,90.0,671.0,829.0,81.0,56.0,148.0,681.0,368.0,1704.0,167.0,105.0,810.0,1065.0,975.0,362.0,380.0,1386.0,713.0,479.0,36.0,792.0,34.0,880.0
2015-05-01,278.0,206.0,241.0,1164.0,1195.0,1740.0,876.0,36.0,822.0,201.0,20.0,31.0,77.0,1042.0,83.0,516.0,28.0,0.0,150.0,76.0,0.0,1169.0,86.0,0.0,34.0,334.0,90.0,674.0,829.0,81.0,56.0,148.0,681.0,368.0,1722.0,167.0,105.0,810.0,1079.0,979.0,362.0,380.0,1395.0,713.0,486.0,36.0,796.0,34.0,880.0
2015-06-01,278.0,206.0,242.0,1172.0,1198.0,1750.0,876.0,36.0,828.0,201.0,20.0,35.0,81.0,1046.0,83.0,517.0,28.0,0.0,160.0,76.0,0.0,1175.0,86.0,0.0,34.0,336.0,90.0,677.0,829.0,81.0,56.0,148.0,681.0,368.0,1732.0,167.0,105.0,810.0,1086.0,985.0,362.0,380.0,1403.0,713.0,493.0,36.0,803.0,34.0,880.0
2015-09-01,278.0,206.0,242.0,1172.0,1204.0,1756.0,877.0,36.0,834.0,201.0,20.0,41.0,81.0,1049.0,83.0,517.0,28.0,0.0,163.0,76.0,0.0,1177.0,87.0,0.0,34.0,337.0,90.0,678.0,829.0,81.0,56.0,148.0,681.0,368.0,1736.0,167.0,105.0,810.0,1087.0,987.0,364.0,380.0,1405.0,713.0,494.0,36.0,807.0,34.0,880.0
2015-10-01,278.0,206.0,242.0,1176.0,1210.0,1765.0,884.0,36.0,842.0,201.0,20.0,44.0,81.0,1055.0,83.0,523.0,28.0,0.0,163.0,76.0,0.0,1186.0,91.0,0.0,34.0,339.0,90.0,680.0,829.0,81.0,56.0,148.0,681.0,368.0,1746.0,167.0,105.0,810.0,1091.0,991.0,367.0,380.0,1412.0,713.0,500.0,36.0,819.0,34.0,880.0
2015-11-01,278.0,206.0,242.0,1183.0,1218.0,1774.0,888.0,36.0,849.0,201.0,20.0,48.0,81.0,1058.0,83.0,527.0,28.0,0.0,166.0,76.0,0.0,1189.0,92.0,0.0,34.0,342.0,90.0,686.0,829.0,81.0,56.0,148.0,681.0,368.0,1756.0,167.0,105.0,810.0,1098.0,994.0,371.0,380.0,1418.0,713.0,503.0,36.0,823.0,34.0,880.0
2015-12-01,278.0,206.0,242.0,1192.0,1227.0,1783.0,894.0,36.0,852.0,201.0,20.0,55.0,81.0,1062.0,83.0,531.0,28.0,0.0,171.0,76.0,0.0,1196.0,96.0,0.0,34.0,346.0,90.0,687.0,829.0,81.0,56.0,148.0,681.0,368.0,1759.0,167.0,105.0,810.0,1104.0,997.0,374.0,380.0,1422.0,713.0,507.0,36.0,824.0,34.0,880.0
2016-01-01,278.0,206.0,242.0,1199.0,1236.0,1788.0,896.0,36.0,859.0,201.0,20.0,59.0,81.0,1066.0,83.0,534.0,28.0,0.0,174.0,76.0,0.0,1202.0,102.0,0.0,34.0,347.0,90.0,697.0,829.0,81.0,56.0,148.0,681.0,368.0,1768.0,167.0,105.0,810.0,1112.0,1001.0,377.0,380.0,1425.0,713.0,507.0,36.0,836.0,34.0,880.0
2016-02-01,278.0,206.0,242.0,1206.0,1246.0,1801.0,898.0,36.0,862.0,201.0,20.0,68.0,81.0,1068.0,83.0,543.0,28.0,0.0,180.0,76.0,0.0,1204.0,107.0,0.0,34.0,353.0,90.0,704.0,829.0,81.0,56.0,148.0,681.0,368.0,1779.0,167.0,105.0,810.0,1122.0,1009.0,383.0,380.0,1428.0,713.0,512.0,36.0,847.0,34.0,880.0
2016-03-01,278.0,206.0,242.0,1210.0,1256.0,1816.0,904.0,36.0,869.0,201.0,20.0,71.0,81.0,1074.0,83.0,543.0,28.0,0.0,183.0,76.0,0.0,1207.0,110.0,0.0,34.0,356.0,90.0,709.0,829.0,81.0,56.0,148.0,681.0,368.0,1786.0,167.0,105.0,810.0,1127.0,1019.0,386.0,380.0,1434.0,713.0,519.0,36.0,855.0,34.0,880.0
2016-04-01,278.0,206.0,242.0,1219.0,1265.0,1826.0,910.0,36.0,876.0,201.0,20.0,73.0,81.0,1081.0,83.0,545.0,28.0,0.0,188.0,76.0,0.0,1211.0,119.0,0.0,34.0,360.0,90.0,716.0,829.0,81.0,56.0,148.0,681.0,368.0,1798.0,167.0,105.0,810.0,1134.0,1020.0,389.0,380.0,1437.0,713.0,521.0,36.0,857.0,34.0,880.0
2016-05-01,278.0,206.0,242.0,1227.0,1283.0,1835.0,917.0,36.0,885.0,201.0,20.0,77.0,81.0,1083.0,83.0,549.0,28.0,0.0,196.0,76.0,0.0,1214.0,129.0,0.0,34.0,365.0,90.0,719.0,829.0,81.0,56.0,148.0,681.0,368.0,1816.0,167.0,105.0,810.0,1138.0,1027.0,397.0,380.0,1447.0,713.0,528.0,36.0,864.0,34.0,880.0
2016-06-01,278.0,206.0,242.0,1234.0,1286.0,1841.0,921.0,36.0,888.0,201.0,20.0,78.0,81.0,1089.0,83.0,553.0,28.0,0.0,199.0,76.0,0.0,1217.0,130.0,0.0,34.0,368.0,90.0,725.0,829.0,81.0,56.0,148.0,681.0,368.0,1822.0,167.0,105.0,810.0,1138.0,1033.0,401.0,380.0,1447.0,713.0,531.0,36.0,867.0,34.0,880.0
2016-09-01,280.0,206.0,242.0,1234.0,1288.0,1847.0,922.0,36.0,888.0,201.0,20.0,81.0,81.0,1090.0,83.0,553.0,28.0,0.0,200.0,76.0,0.0,1221.0,136.0,4.0,34.0,368.0,90.0,727.0,829.0,81.0,56.0,148.0,682.0,368.0,1828.0,167.0,105.0,810.0,1142.0,1036.0,405.0,380.0,1447.0,713.0,531.0,36.0,869.0,34.0,880.0
2016-10-01,287.0,206.0,242.0,1246.0,1298.0,1854.0,929.0,36.0,895.0,201.0,20.0,88.0,81.0,1094.0,83.0,553.0,28.0,0.0,201.0,76.0,0.0,1222.0,140.0,7.0,34.0,368.0,90.0,730.0,829.0,81.0,56.0,148.0,683.0,368.0,1836.0,167.0,105.0,810.0,1149.0,1043.0,408.0,380.0,1453.0,713.0,531.0,36.0,879.0,34.0,880.0
2016-11-01,288.0,206.0,242.0,1250.0,1307.0,1863.0,932.0,36.0,902.0,201.0,20.0,93.0,81.0,1100.0,83.0,553.0,28.0,0.0,202.0,76.0,0.0,1226.0,143.0,10.0,34.0,368.0,90.0,737.0,829.0,81.0,56.0,148.0,688.0,368.0,1846.0,167.0,105.0,810.0,1159.0,1049.0,410.0,380.0,1457.0,713.0,531.0,36.0,886.0,34.0,880.0
2016-12-01,294.0,206.0,242.0,1254.0,1310.0,1868.0,935.0,36.0,908.0,201.0,20.0,99.0,81.0,1107.0,83.0,553.0,28.0,0.0,204.0,76.0,0.0,1227.0,149.0,13.0,34.0,368.0,90.0,744.0,829.0,81.0,56.0,148.0,688.0,368.0,1855.0,167.0,105.0,810.0,1165.0,1056.0,410.0,380.0,1458.0,713.0,531.0,36.0,889.0,34.0,880.0
2017-01-01,299.0,206.0,242.0,1260.0,1314.0,1875.0,939.0,36.0,909.0,201.0,20.0,101.0,81.0,1111.0,83.0,553.0,28.0,0.0,208.0,76.0,0.0,1233.0,151.0,16.0,34.0,368.0,90.0,746.0,829.0,81.0,56.0,148.0,688.0,368.0,1859.0,167.0,105.0,810.0,1171.0,1062.0,413.0,380.0,1459.0,713.0,531.0,36.0,896.0,34.0,880.0
2017-02-01,302.0,206.0,242.0,1266.0,1322.0,1883.0,944.0,36.0,918.0,201.0,20.0,107.0,81.0,1118.0,83.0,553.0,28.0,0.0,209.0,76.0,0.0,1236.0,158.0,18.0,34.0,368.0,90.0,747.0,829.0,81.0,56.0,148.0,691.0,368.0,1868.0,167.0,105.0,810.0,1180.0,1068.0,414.0,380.0,1466.0,713.0,531.0,36.0,901.0,34.0,880.0
2017-03-01,311.0,206.0,242.0,1272.0,1331.0,1895.0,948.0,36.0,922.0,201.0,20.0,117.0,81.0,1124.0,83.0,553.0,28.0,0.0,215.0,76.0,0.0,1236.0,158.0,21.0,34.0,368.0,90.0,751.0,829.0,81.0,56.0,148.0,691.0,368.0,1877.0,167.0,105.0,810.0,1190.0,1078.0,418.0,380.0,1476.0,713.0,531.0,36.0,906.0,34.0,880.0
2017-04-01,318.0,206.0,242.0,1278.0,1341.0,1904.0,952.0,36.0,926.0,201.0,20.0,119.0,81.0,1132.0,83.0,553.0,28.0,0.0,218.0,76.0,0.0,1244.0,165.0,26.0,34.0,368.0,90.0,752.0,829.0,81.0,56.0,148.0,692.0,368.0,1887.0,167.0,105.0,810.0,1195.0,1081.0,422.0,380.0,1477.0,713.0,531.0,36.0,915.0,34.0,880.0
2017-05-01,326.0,206.0,242.0,1296.0,1357.0,1922.0,958.0,36.0,932.0,201.0,20.0,132.0,81.0,1139.0,83.0,553.0,28.0,0.0,219.0,76.0,0.0,1249.0,169.0,30.0,34.0,368.0,90.0,764.0,829.0,81.0,56.0,148.0,700.0,368.0,1903.0,167.0,105.0,810.0,1206.0,1094.0,425.0,380.0,1487.0,713.0,531.0,36.0,930.0,34.0,880.0
2017-06-01,333.0,206.0,242.0,1297.0,1364.0,1931.0,960.0,36.0,933.0,201.0,20.0,132.0,81.0,1145.0,83.0,553.0,28.0,0.0,219.0,76.0,0.0,1253.0,169.0,35.0,34.0,368.0,90.0,771.0,829.0,81.0,56.0,148.0,703.0,368.0,1915.0,167.0,105.0,810.0,1210.0,1097.0,432.0,380.0,1493.0,713.0,531.0,36.0,934.0,34.0,880.0
2017-09-01,333.0,206.0,242.0,1301.0,1368.0,1937.0,963.0,36.0,933.0,201.0,20.0,135.0,81.0,1146.0,83.0,554.0,28.0,4.0,219.0,76.0,0.0,1254.0,169.0,41.0,34.0,372.0,90.0,771.0,829.0,81.0,56.0,148.0,703.0,368.0,1919.0,167.0,105.0,810.0,1214.0,1103.0,432.0,380.0,1497.0,713.0,531.0,36.0,934.0,34.0,880.0
2017-10-01,336.0,206.0,242.0,1305.0,1379.0,1949.0,972.0,36.0,941.0,201.0,20.0,138.0,81.0,1153.0,83.0,561.0,28.0,6.0,219.0,76.0,0.0,1260.0,175.0,46.0,34.0,377.0,90.0,772.0,829.0,81.0,56.0,148.0,703.0,368.0,1926.0,167.0,105.0,810.0,1226.0,1106.0,432.0,380.0,1505.0,713.0,531.0,36.0,941.0,34.0,880.0
2017-11-01,336.0,206.0,242.0,1308.0,1384.0,1959.0,976.0,36.0,944.0,201.0,20.0,140.0,81.0,1158.0,83.0,565.0,28.0,12.0,219.0,76.0,0.0,1264.0,175.0,52.0,34.0,380.0,90.0,775.0,829.0,81.0,56.0,148.0,703.0,368.0,1935.0,167.0,105.0,810.0,1229.0,1111.0,432.0,380.0,1517.0,713.0,531.0,36.0,951.0,34.0,880.0
2017-12-01,339.0,206.0,242.0,1310.0,1391.0,1966.0,978.0,36.0,950.0,201.0,20.0,146.0,81.0,1161.0,83.0,569.0,28.0,17.0,219.0,76.0,0.0,1265.0,176.0,52.0,34.0,383.0,90.0,778.0,829.0,81.0,56.0,148.0,703.0,368.0,1942.0,167.0,105.0,810.0,1235.0,1116.0,432.0,380.0,1524.0,713.0,531.0,36.0,955.0,34.0,880.0
2018-01-01,348.0,206.0,242.0,1318.0,1400.0,1976.0,981.0,36.0,954.0,201.0,20.0,156.0,81.0,1165.0,83.0,576.0,28.0,23.0,219.0,76.0,0.0,1268.0,180.0,56.0,34.0,386.0,90.0,782.0,829.0,81.0,56.0,148.0,703.0,368.0,1946.0,167.0,105.0,810.0,1239.0,1120.0,432.0,380.0,1527.0,713.0,531.0,36.0,961.0,34.0,880.0
2018-02-01,352.0,206.0,242.0,1324.0,1410.0,1988.0,987.0,36.0,964.0,201.0,20.0,161.0,81.0,1169.0,83.0,581.0,28.0,28.0,219.0,76.0,0.0,1270.0,183.0,63.0,34.0,387.0,90.0,784.0,829.0,81.0,56.0,148.0,703.0,368.0,1953.0,167.0,105.0,810.0,1243.0,1120.0,432.0,380.0,1533.0,713.0,531.0,36.0,971.0,34.0,880.0
2018-03-01,361.0,206.0,242.0,1329.0,1425.0,1996.0,996.0,36.0,968.0,201.0,20.0,170.0,81.0,1176.0,83.0,589.0,28.0,37.0,219.0,76.0,0.0,1271.0,188.0,65.0,34.0,388.0,90.0,784.0,829.0,81.0,56.0,148.0,703.0,368.0,1966.0,167.0,105.0,810.0,1252.0,1126.0,432.0,380.0,1543.0,713.0,531.0,36.0,975.0,34.0,880.0
2018-04-01,364.0,206.0,242.0,1333.0,1428.0,2007.0,1003.0,36.0,973.0,201.0,20.0,171.0,81.0,1180.0,83.0,592.0,28.0,44.0,219.0,76.0,0.0,1273.0,190.0,71.0,34.0,396.0,90.0,785.0,829.0,81.0,56.0,148.0,703.0,368.0,1978.0,167.0,105.0,810.0,1256.0,1130.0,432.0,380.0,1552.0,713.0,531.0,36.0,981.0,34.0,880.0
2018-05-01,374.0,206.0,242.0,1337.0,1439.0,2017.0,1019.0,36.0,978.0,201.0,20.0,176.0,81.0,1185.0,83.0,602.0,28.0,48.0,219.0,76.0,0.0,1281.0,191.0,75.0,34.0,408.0,90.0,791.0,829.0,81.0,56.0,148.0,703.0,368.0,1986.0,167.0,105.0,810.0,1258.0,1143.0,432.0,380.0,1560.0,713.0,531.0,36.0,988.0,34.0,880.0
2018-06-01,380.0,206.0,242.0,1340.0,1443.0,2024.0,1020.0,36.0,982.0,201.0,20.0,183.0,81.0,1194.0,83.0,608.0,28.0,51.0,219.0,76.0,0.0,1282.0,191.0,78.0,34.0,414.0,90.0,791.0,829.0,81.0,56.0,148.0,703.0,368.0,1991.0,167.0,105.0,810.0,1268.0,1146.0,432.0,380.0,1566.0,713.0,531.0,36.0,995.0,34.0,880.0
2018-09-01,381.0,206.0,242.0,1344.0,1447.0,2030.0,1021.0,36.0,986.0,201.0,20.0,186.0,81.0,1198.0,83.0,612.0,28.0,55.0,219.0,76.0,4.0,1282.0,191.0,79.0,34.0,417.0,90.0,791.0,829.0,81.0,56.0,148.0,703.0,368.0,1997.0,167.0,105.0,810.0,1272.0,1150.0,432.0,380.0,1567.0,715.0,531.0,36.0,996.0,34.0,880.0
2018-10-01,391.0,206.0,242.0,1347.0,1455.0,2038.0,1032.0,36.0,991.0,201.0,20.0,190.0,81.0,1205.0,83.0,616.0,28.0,60.0,219.0,76.0,5.0,1282.0,191.0,82.0,34.0,421.0,90.0,791.0,829.0,81.0,56.0,148.0,703.0,368.0,2005.0,167.0,105.0,810.0,1281.0,1154.0,432.0,380.0,1574.0,722.0,536.0,36.0,1003.0,34.0,880.0
2018-11-01,400.0,206.0,242.0,1350.0,1462.0,2045.0,1032.0,36.0,995.0,201.0,20.0,194.0,81.0,1212.0,83.0,623.0,28.0,64.0,219.0,76.0,5.0,1282.0,191.0,86.0,34.0,430.0,90.0,791.0,829.0,81.0,56.0,148.0,703.0,368.0,2005.0,167.0,105.0,810.0,1287.0,1158.0,432.0,380.0,1577.0,729.0,537.0,36.0,1004.0,34.0,880.0
2018-12-01,403.0,206.0,242.0,1351.0,1467.0,2049.0,1036.0,36.0,996.0,201.0,20.0,201.0,81.0,1215.0,83.0,625.0,28.0,71.0,219.0,76.0,7.0,1282.0,191.0,91.0,34.0,432.0,90.0,791.0,829.0,81.0,56.0,148.0,703.0,368.0,2011.0,167.0,105.0,810.0,1294.0,1165.0,432.0,380.0,1583.0,730.0,541.0,36.0,1009.0,34.0,880.0
2019-01-01,408.0,206.0,242.0,1356.0,1477.0,2061.0,1046.0,36.0,1003.0,201.0,20.0,204.0,81.0,1215.0,83.0,633.0,28.0,73.0,219.0,76.0,8.0,1282.0,191.0,97.0,34.0,436.0,90.0,791.0,829.0,81.0,56.0,148.0,703.0,368.0,2020.0,167.0,105.0,810.0,1300.0,1165.0,432.0,380.0,1588.0,734.0,544.0,36.0,1010.0,34.0,880.0
2019-02-01,412.0,206.0,242.0,1366.0,1487.0,2073.0,1049.0,36.0,1003.0,201.0,20.0,209.0,81.0,1218.0,83.0,639.0,28.0,75.0,219.0,76.0,12.0,1282.0,191.0,101.0,34.0,440.0,90.0,791.0,829.0,81.0,56.0,148.0,703.0,368.0,2030.0,167.0,105.0,810.0,1304.0,1173.0,432.0,380.0,1595.0,738.0,554.0,36.0,1013.0,34.0,880.0
2019-03-01,417.0,206.0,242.0,1373.0,1493.0,2081.0,1056.0,36.0,1007.0,201.0,20.0,214.0,81.0,1224.0,83.0,647.0,28.0,79.0,219.0,76.0,19.0,1282.0,191.0,108.0,34.0,444.0,90.0,791.0,829.0,81.0,56.0,148.0,703.0,368.0,2039.0,167.0,105.0,810.0,1305.0,1181.0,432.0,380.0,1599.0,739.0,554.0,36.0,1018.0,34.0,880.0
2019-04-01,424.0,206.0,242.0,1380.0,1502.0,2093.0,1060.0,36.0,1010.0,201.0,20.0,219.0,81.0,1228.0,83.0,654.0,28.0,85.0,219.0,76.0,22.0,1282.0,191.0,114.0,34.0,446.0,90.0,791.0,829.0,81.0,56.0,148.0,703.0,368.0,2048.0,167.0,105.0,810.0,1311.0,1183.0,432.0,380.0,1609.0,743.0,555.0,36.0,1024.0,34.0,880.0
2019-05-01,427.0,206.0,242.0,1390.0,1517.0,2107.0,1064.0,36.0,1019.0,201.0,20.0,226.0,81.0,1238.0,83.0,663.0,28.0,88.0,219.0,76.0,30.0,1282.0,191.0,120.0,34.0,451.0,90.0,791.0,829.0,81.0,56.0,148.0,703.0,368.0,2056.0,167.0,105.0,810.0,1323.0,1190.0,432.0,380.0,1618.0,748.0,562.0,36.0,1035.0,34.0,880.0
2019-06-01,430.0,206.0,242.0,1393.0,1519.0,2111.0,1070.0,36.0,1023.0,201.0,20.0,230.0,81.0,1247.0,83.0,667.0,28.0,88.0,219.0,76.0,33.0,1282.0,191.0,123.0,34.0,458.0,90.0,791.0,829.0,81.0,56.0,148.0,703.0,368.0,2059.0,167.0,105.0,810.0,1327.0,1196.0,432.0,380.0,1627.0,754.0,563.0,36.0,1039.0,34.0,880.0
2019-09-01,435.0,206.0,242.0,1400.0,1525.0,2115.0,1073.0,36.0,1027.0,201.0,20.0,231.0,81.0,1248.0,83.0,669.0,28.0,88.0,220.0,76.0,33.0,1282.0,191.0,123.0,34.0,464.0,90.0,791.0,832.0,81.0,56.0,148.0,708.0,368.0,2063.0,167.0,105.0,810.0,1334.0,1200.0,432.0,380.0,1628.0,758.0,563.0,36.0,1040.0,34.0,880.0
2019-10-01,438.0,206.0,242.0,1405.0,1533.0,2124.0,1078.0,36.0,1029.0,201.0,20.0,238.0,81.0,1252.0,83.0,674.0,28.0,88.0,233.0,76.0,33.0,1282.0,191.0,125.0,34.0,466.0,90.0,791.0,833.0,81.0,56.0,148.0,711.0,368.0,2074.0,167.0,105.0,810.0,1340.0,1209.0,432.0,380.0,1636.0,763.0,563.0,36.0,1050.0,34.0,880.0
2019-11-01,442.0,206.0,242.0,1409.0,1539.0,2133.0,1082.0,36.0,1032.0,201.0,20.0,242.0,81.0,1255.0,83.0,683.0,28.0,88.0,239.0,76.0,33.0,1282.0,191.0,128.0,34.0,472.0,90.0,791.0,840.0,81.0,56.0,148.0,718.0,368.0,2080.0,167.0,105.0,810.0,1347.0,1215.0,432.0,380.0,1641.0,768.0,563.0,36.0,1056.0,34.0,880.0
2019-12-01,448.0,206.0,242.0,1416.0,1544.0,2139.0,1089.0,36.0,1036.0,201.0,20.0,245.0,81.0,1256.0,83.0,688.0,28.0,88.0,240.0,76.0,33.0,1282.0,191.0,129.0,34.0,478.0,90.0,791.0,843.0,81.0,56.0,148.0,722.0,368.0,2090.0,167.0,105.0,810.0,1354.0,1222.0,432.0,380.0,1650.0,772.0,563.0,36.0,1057.0,34.0,880.0
2020-01-01,449.0,206.0,242.0,1421.0,1551.0,2150.0,1093.0,36.0,1037.0,201.0,20.0,249.0,81.0,1257.0,83.0,697.0,28.0,88.0,243.0,76.0,33.0,1282.0,191.0,136.0,34.0,484.0,90.0,791.0,844.0,81.0,56.0,148.0,726.0,368.0,2096.0,167.0,105.0,810.0,1361.0,1227.0,432.0,380.0,1655.0,774.0,563.0,36.0,1064.0,34.0,880.0
2020-02-01,453.0,206.0,242.0,1424.0,1555.0,2154.0,1097.0,36.0,1040.0,201.0,20.0,253.0,81.0,1262.0,83.0,703.0,28.0,88.0,246.0,76.0,33.0,1282.0,191.0,138.0,34.0,484.0,90.0,791.0,847.0,81.0,56.0,148.0,731.0,368.0,2105.0,167.0,105.0,810.0,1365.0,1230.0,432.0,380.0,1661.0,776.0,563.0,36.0,1070.0,34.0,880.0
2020-03-01,461.0,206.0,242.0,1424.0,1562.0,2166.0,1100.0,36.0,1048.0,201.0,20.0,257.0,81.0,1266.0,83.0,709.0,28.0,88.0,256.0,76.0,33.0,1282.0,191.0,143.0,34.0,490.0,90.0,791.0,851.0,81.0,56.0,148.0,734.0,368.0,2112.0,167.0,105.0,810.0,1370.0,1239.0,432.0,380.0,1668.0,783.0,563.0,36.0,1077.0,34.0,880.0
2020-04-01,462.0,206.0,242.0,1430.0,1564.0,2169.0,1103.0,36.0,1049.0,201.0,20.0,257.0,81.0,1267.0,83.0,713.0,28.0,88.0,257.0,76.0,33.0,1282.0,191.0,146.0,34.0,491.0,90.0,791.0,854.0,81.0,56.0,148.0,737.0,368.0,2115.0,167.0,105.0,810.0,1374.0,1242.0,432.0,380.0,1669.0,783.0,563.0,36.0,1077.0,34.0,880.0
2020-07-01,465.0,206.0,242.0,1438.0,1578.0,2181.0,1107.0,36.0,1057.0,201.0,20.0,265.0,81.0,1271.0,83.0,719.0,28.0,88.0,262.0,76.0,33.0,1282.0,191.0,148.0,34.0,499.0,90.0,791.0,858.0,81.0,56.0,148.0,744.0,368.0,2130.0,167.0,105.0,810.0,1384.0,1243.0,432.0,380.0,1673.0,789.0,563.0,36.0,1090.0,34.0,880.0
2020-08-01,469.0,206.0,242.0,1444.0,1589.0,2193.0,1111.0,36.0,1060.0,201.0,20.0,272.0,81.0,1272.0,83.0,721.0,28.0,88.0,275.0,76.0,33.0,1282.0,191.0,159.0,34.0,507.0,90.0,791.0,862.0,81.0,56.0,148.0,755.0,368.0,2146.0,167.0,105.0,810.0,1397.0,1252.0,432.0,380.0,1680.0,796.0,563.0,36.0,1099.0,34.0,880.0
2020-10-01,470.0,206.0,242.0,1447.0,1593.0,2196.0,1117.0,39.0,1065.0,201.0,20.0,273.0,84.0,1272.0,83.0,728.0,28.0,88.0,281.0,76.0,36.0,1282.0,191.0,159.0,34.0,510.0,90.0,791.0,862.0,81.0,56.0,148.0,758.0,368.0,2153.0,167.0,105.0,810.0,1400.0,1257.0,432.0,380.0,1687.0,798.0,563.0,36.0,1106.0,34.0,880.0
2020-11-01,477.0,206.0,242.0,1453.0,1603.0,2201.0,1120.0,50.0,1066.0,201.0,20.0,280.0,91.0,1272.0,83.0,731.0,28.0,88.0,288.0,76.0,38.0,1282.0,191.0,159.0,34.0,511.0,90.0,791.0,862.0,81.0,56.0,148.0,765.0,368.0,2162.0,167.0,105.0,810.0,1404.0,1266.0,432.0,380.0,1687.0,799.0,563.0,36.0,1111.0,34.0,880.0
2020-12-01,482.0,206.0,242.0,1457.0,1612.0,2207.0,1123.0,51.0,1070.0,201.0,20.0,285.0,94.0,1272.0,83.0,734.0,28.0,88.0,289.0,76.0,40.0,1282.0,191.0,159.0,34.0,515.0,90.0,791.0,862.0,81.0,56.0,148.0,766.0,368.0,2163.0,167.0,105.0,810.0,1413.0,1276.0,432.0,380.0,1692.0,806.0,563.0,36.0,1119.0,34.0,880.0
2021-01-01,487.0,206.0,242.0,1462.0,1624.0,2218.0,1130.0,55.0,1083.0,201.0,20.0,288.0,97.0,1272.0,83.0,738.0,28.0,88.0,299.0,76.0,45.0,1282.0,191.0,159.0,34.0,525.0,90.0,791.0,862.0,81.0,56.0,148.0,768.0,368.0,2179.0,167.0,105.0,810.0,1423.0,1281.0,432.0,380.0,1695.0,811.0,563.0,36.0,1125.0,34.0,880.0
2021-02-01,488.0,206.0,242.0,1468.0,1639.0,2233.0,1138.0,60.0,1085.0,201.0,20.0,292.0,98.0,1272.0,83.0,745.0,28.0,88.0,304.0,76.0,49.0,1282.0,191.0,159.0,34.0,533.0,90.0,791.0,862.0,81.0,56.0,148.0,774.0,368.0,2186.0,167.0,105.0,810.0,1436.0,1284.0,432.0,380.0,1703.0,816.0,563.0,36.0,1134.0,34.0,880.0
2021-03-01,491.0,206.0,242.0,1474.0,1647.0,2246.0,1150.0,61.0,1090.0,201.0,20.0,294.0,102.0,1272.0,83.0,748.0,28.0,88.0,308.0,76.0,53.0,1282.0,191.0,159.0,34.0,539.0,90.0,791.0,862.0,81.0,56.0,148.0,783.0,368.0,2198.0,167.0,105.0,810.0,1445.0,1293.0,432.0,380.0,1707.0,818.0,563.0,36.0,1136.0,34.0,880.0
2021-04-01,492.0,206.0,242.0,1479.0,1655.0,2255.0,1156.0,65.0,1094.0,201.0,20.0,295.0,106.0,1272.0,83.0,750.0,28.0,88.0,311.0,76.0,54.0,1282.0,191.0,159.0,34.0,542.0,90.0,791.0,862.0,81.0,56.0,148.0,785.0,368.0,2206.0,167.0,105.0,810.0,1452.0,1297.0,432.0,380.0,1713.0,823.0,563.0,36.0,1142.0,34.0,880.0
2021-05-01,500.0,206.0,242.0,1486.0,1662.0,2264.0,1161.0,73.0,1104.0,201.0,20.0,295.0,111.0,1272.0,83.0,755.0,28.0,88.0,320.0,76.0,60.0,1282.0,191.0,159.0,34.0,545.0,90.0,791.0,862.0,81.0,56.0,148.0,795.0,368.0,2217.0,167.0,105.0,810.0,1467.0,1305.0,432.0,380.0,1716.0,826.0,563.0,36.0,1148.0,34.0,880.0
2021-06-01,507.0,206.0,242.0,1490.0,1675.0,2272.0,1172.0,80.0,1113.0,201.0,20.0,302.0,117.0,1272.0,83.0,759.0,28.0,88.0,321.0,76.0,67.0,1282.0,191.0,159.0,34.0,548.0,90.0,791.0,862.0,81.0,56.0,148.0,799.0,368.0,2230.0,167.0,105.0,810.0,1474.0,1314.0,432.0,380.0,1723.0,827.0,563.0,36.0,1157.0,34.0,880.0
2021-09-01,507.0,206.0,242.0,1495.0,1682.0,2279.0,1174.0,82.0,1114.0,201.0,20.0,302.0,119.0,1274.0,83.0,759.0,28.0,88.0,323.0,76.0,67.0,1282.0,191.0,159.0,34.0,550.0,90.0,791.0,869.0,81.0,56.0,148.0,804.0,368.0,2237.0,167.0,105.0,810.0,1481.0,1320.0,432.0,380.0,1730.0,827.0,566.0,36.0,1160.0,34.0,880.0
2021-10-01,510.0,206.0,242.0,1500.0,1689.0,2284.0,1184.0,86.0,1120.0,201.0,20.0,302.0,123.0,1278.0,83.0,759.0,28.0,88.0,324.0,76.0,67.0,1282.0,191.0,159.0,34.0,552.0,90.0,791.0,870.0,81.0,56.0,148.0,810.0,368.0,2247.0,167.0,105.0,810.0,1488.0,1330.0,432.0,380.0,1734.0,827.0,576.0,36.0,1165.0,34.0,880.0
2021-11-01,517.0,206.0,242.0,1508.0,1697.0,2288.0,1193.0,89.0,1123.0,201.0,20.0,302.0,127.0,1286.0,83.0,765.0,28.0,88.0,329.0,76.0,67.0,1282.0,191.0,159.0,34.0,554.0,90.0,791.0,876.0,81.0,56.0,148.0,818.0,368.0,2254.0,167.0,105.0,810.0,1498.0,1339.0,432.0,380.0,1739.0,827.0,582.0,36.0,1169.0,34.0,880.0
2021-12-01,521.0,206.0,242.0,1510.0,1704.0,2295.0,1199.0,92.0,1129.0,201.0,20.0,302.0,129.0,1292.0,83.0,769.0,28.0,88.0,333.0,76.0,67.0,1282.0,191.0,159.0,34.0,555.0,90.0,791.0,878.0,81.0,56.0,148.0,819.0,368.0,2263.0,167.0,105.0,810.0,1502.0,1343.0,432.0,380.0,1742.0,827.0,587.0,36.0,1173.0,34.0,880.0
2022-01-01,522.0,206.0,242.0,1514.0,1704.0,2300.0,1205.0,94.0,1133.0,201.0,20.0,302.0,132.0,1298.0,83.0,774.0,28.0,88.0,343.0,76.0,67.0,1282.0,191.0,159.0,34.0,556.0,90.0,791.0,882.0,81.0,56.0,148.0,821.0,368.0,2276.0,167.0,105.0,810.0,1512.0,1343.0,432.0,380.0,1751.0,827.0,593.0,36.0,1182.0,34.0,880.0
2022-02-01,524.0,206.0,242.0,1521.0,1711.0,2307.0,1212.0,98.0,1140.0,201.0,20.0,302.0,140.0,1299.0,83.0,781.0,28.0,88.0,345.0,76.0,67.0,1282.0,191.0,159.0,34.0,559.0,90.0,791.0,882.0,81.0,56.0,148.0,827.0,368.0,2280.0,167.0,105.0,810.0,1520.0,1348.0,432.0,380.0,1752.0,827.0,594.0,36.0,1189.0,34.0,880.0
2022-03-01,528.0,206.0,242.0,1527.0,1720.0,2317.0,1218.0,101.0,1145.0,201.0,20.0,302.0,146.0,1301.0,83.0,786.0,28.0,88.0,346.0,76.0,67.0,1282.0,191.0,159.0,34.0,566.0,90.0,791.0,888.0,81.0,56.0,148.0,831.0,368.0,2290.0,167.0,105.0,810.0,1528.0,1355.0,432.0,380.0,1756.0,827.0,594.0,36.0,1199.0,34.0,880.0
2022-04-01,529.0,206.0,242.0,1531.0,1729.0,2326.0,1222.0,107.0,1149.0,201.0,20.0,302.0,149.0,1308.0,83.0,788.0,28.0,88.0,349.0,76.0,67.0,1282.0,191.0,159.0,34.0,567.0,90.0,791.0,888.0,81.0,56.0,148.0,837.0,368.0,2296.0,167.0,105.0,810.0,1531.0,1362.0,432.0,380.0,1763.0,827.0,595.0,36.0,1202.0,34.0,880.0
2022-05-01,535.0,206.0,242.0,1541.0,1736.0,2335.0,1229.0,112.0,1152.0,201.0,20.0,302.0,155.0,1311.0,83.0,794.0,28.0,88.0,351.0,76.0,67.0,1282.0,191.0,159.0,34.0,574.0,90.0,791.0,894.0,81.0,56.0,148.0,843.0,368.0,2311.0,167.0,105.0,810.0,1538.0,1369.0,432.0,380.0,1766.0,827.0,603.0,36.0,1209.0,34.0,880.0
